Date,AAVE,BTC,LINK,COMP,CURVE,ETH,SUSHI,SYNTH,UNI,YFI,DAI
2021-10-21,316.3311305,65900.09588,27.46617419,322.8880221,2.933921662,4129.931088,11.53268077,9.920747913,27.04140828,36035.09066,1.005053708
2021-10-20,303.7582576,64273.65275,25.92101282,308.5884303,2.797226893,3878.66545,10.72546358,9.395802394,26.04047781,34753.13322,1.001418201
2021-10-19,293.9725598,62020.71283,25.71031531,305.3023374,2.794212833,3747.077121,10.79733964,9.39855504,25.64628438,33847.61824,1.000198332
2021-10-18,304.4146091,61528.62159,26.52646619,310.7712328,2.869089511,3846.801551,11.16624938,9.559814125,25.92594678,34453.85192,1.00012745
2021-10-17,304.7033253,60890.2477,27.22365389,316.7635506,2.90696619,3828.579612,11.39246147,9.765671662,27.0038753,35121.17635,0.9998859223
2021-10-16,301.289136,61627.8224,26.97697858,316.3292125,2.899315649,3864.853617,11.06897839,9.751683999,25.87838345,36014.29016,0.9978257499
2021-10-15,303.5693915,57318.67394,26.68851341,314.780698,2.887453416,3777.70867,10.74611126,9.933660082,26.42544917,35324.98247,1.004460571
2021-10-14,297.4924373,57391.01291,25.53680302,304.6820871,2.964399946,3606.847456,10.33442372,9.395586655,24.66993582,34623.66847,1.00158009
2021-10-13,283.8123411,56030.30157,24.62974706,306.2659723,2.685746095,3491.989676,10.0445193,9.220104078,23.4473046,34872.72108,0.9997520253
2021-10-12,290.6391956,57485.67996,25.23101493,302.8544795,2.695369867,3544.357241,10.32910193,9.602060746,24.15878196,35441.4873,1.00040571
2021-10-11,288.2406498,54711.15401,25.5775041,303.4698258,2.699432771,3417.523914,10.34328442,9.602347305,24.20632787,32634.77034,1.001926723
2021-10-10,307.2582029,54968.2166,27.43927339,330.2049688,2.905220952,3575.146293,10.93775591,10.18524928,25.12878964,33972.59529,1.00056798
2021-10-09,307.6114085,53963.00996,26.39903823,313.6461463,2.959726025,3564.581248,10.74701412,10.07790735,24.76628462,34618.63738,0.9998859085
2021-10-08,305.7438058,53870.13373,26.89536374,316.5741325,2.800418623,3600.921403,10.84170084,10.28377596,25.56759709,32212.87077,0.9970828455
2021-10-07,312.1083643,55318.57615,26.82819355,306.6984823,2.739498749,3576.055648,10.5656649,10.23766747,25.28132187,32058.40924,1.001107248
2021-10-06,307.7794664,51504.8629,27.24208255,309.8735355,2.942082111,3517.163853,10.81647375,10.48858431,25.65521377,31893.61742,1.0020202
2021-10-05,301.0843132,49233.16104,26.61055717,313.1916589,2.878144444,3386.491915,10.36541934,10.28415916,25.33484916,30790.8659,0.9984799193
2021-10-04,310.6654913,48212.06064,27.56930415,326.5458792,2.817636291,3419.04719,10.81906145,10.71018112,25.99772303,31370.5554,1.002502189
2021-10-03,316.6669539,48101.93319,27.43537332,341.7932833,2.591738571,3414.890407,11.05803754,11.09446376,26.48096047,32330.40841,0.9930957179
2021-10-02,300.1705763,48145.56385,26.35137657,325.3744243,2.52301939,3299.37723,10.82266371,10.48587006,25.37111283,31679.24798,1.001748699
2021-10-01,275.3585893,43788.11104,23.76648152,309.2641318,2.322086386,3003.677152,10.06991538,9.582594472,23.3171586,29182.15656,1.000877079
2021-09-30,265.2776519,41560.89723,22.87643063,305.7603328,2.288744078,2851.831835,9.506039135,9.280875198,23.01498748,28598.05534,1.000139931
2021-09-29,264.1347109,41646.9796,22.24670529,323.2636538,2.299892599,2859.027804,9.766877573,9.420698058,23.40119635,28495.93035,0.9884825928
2021-09-28,277.1328523,43063.45857,23.51946788,344.3789169,2.370378362,2995.432159,10.01318118,10.00971797,22.52028641,29282.35989,0.9880995134
2021-09-27,293.3732601,43171.27064,24.58755827,353.5511314,2.54321159,3060.631095,11.39558372,10.4506565,24.02828562,30383.93388,1.003326463
2021-09-26,275.0784182,42687.59352,24.50507658,331.0568683,2.308392684,2929.612364,9.510403129,10.17903585,19.48176838,30244.99255,1.00133038
2021-09-25,280.8753852,42846.53675,23.28381793,341.3828563,2.428931349,2931.904799,9.680971623,10.51758751,19.66748163,29292.91448,1.000149896
2021-09-24,309.0144203,44887.89637,25.44461196,374.2498069,2.788789477,3156.010288,10.62531108,11.75147251,21.50901291,31290.13433,1.003360046
2021-09-23,301.8719759,43567.97225,24.462779,347.8135984,2.451003894,3067.534363,10.50569435,10.93310439,21.62228335,30527.91679,1.00066906
2021-09-22,271.4923596,40721.52881,21.43166972,312.5015836,2.194104238,2766.234916,9.223490176,9.51871522,19.04500574,27396.78951,0.9981403603
2021-09-21,291.2219922,42842.03677,23.50228419,336.0945277,2.401979501,2996.324439,10.23484171,10.59251434,20.84690588,29482.89389,1.002587644
2021-09-20,339.9218171,47246.92424,27.36894577,392.659423,3.038593934,3328.029358,12.01295611,12.78412279,23.87900096,32990.56674,1.00145163
2021-09-19,354.3403103,47975.57289,28.17746022,399.1399775,2.881037077,3420.364631,12.57932294,12.48930107,24.21933269,33723.22755,1.004958091
2021-09-18,354.3908701,47282.77495,27.71039846,400.1075378,2.803850066,3397.139662,12.4892197,12.77913379,24.30246363,33245.19749,1.000195331
2021-09-17,384.2845799,47772.76007,29.82719172,422.2818908,3.102916886,3571.097508,14.94268132,14.64120242,26.27217612,34780.96127,0.9998668796
2021-09-16,414.5317489,48172.47628,30.74318199,443.5286813,3.01547147,3615.152933,15.15766792,14.97336274,27.46687743,36594.02423,1.001542483
2021-09-15,384.5114842,47098.42098,30.76898727,446.8052733,2.796787611,3409.73178,13.15888218,13.78861998,25.66078494,35654.06823,1.000976584
2021-09-14,330.6445698,44948.11188,26.93266521,384.8487945,2.355583295,3285.094114,11.08702448,12.63067402,22.668148,32752.3398,1.00021934
2021-09-13,333.1641596,46043.93423,29.37009481,403.3050732,2.423708842,3409.739624,11.85524018,10.95515693,23.70416942,33304.91649,1.000680461
2021-09-12,328.5757612,45193.97061,26.99310992,397.2186588,2.268504214,3267.273621,10.57638005,10.81310781,22.7287164,32962.52308,1.002434125
2021-09-11,312.0665262,44850.64914,26.3437026,391.7735923,2.140987926,3208.591414,10.11969424,10.53949261,22.29392065,32784.14419,0.9997261353
2021-09-10,330.0897291,46393.44024,27.98385927,411.7468794,2.376746862,3428.043258,10.99204286,11.3005608,23.30669349,34331.95674,0.9997792357
2021-09-09,333.7015782,46297.16942,27.24875063,411.8316848,2.00330807,3515.046019,11.33716634,11.03967279,23.29517126,34845.2474,1.005060143
2021-09-08,346.1420173,46805.80778,28.19754574,412.0604388,1.984741052,3433.144226,10.90560438,10.71829007,24.23793097,34535.87934,1.001419365
2021-09-07,408.885112,52663.58558,34.80752205,509.4456761,2.490504623,3931.603078,13.63330927,13.57061151,28.85162241,42302.49983,0.9993321208
2021-09-06,417.1799232,51780.91187,33.543644,510.229913,2.479101822,3953.705626,14.28447989,12.93789225,29.37473775,42970.92088,1.000064596
2021-09-05,398.0216705,49941.30923,29.90385743,471.6024568,2.271405178,3888.863962,13.11066608,12.36326751,28.58447252,41521.09261,0.9997818845
2021-09-04,395.032242,50064.94866,30.7860106,466.7772792,2.207923559,3940.095101,13.06285647,12.45042697,28.67085606,40445.29492,1.000758421
2021-09-03,399.6773343,49718.56069,29.97776146,462.486299,2.205493213,3788.540571,13.14027138,12.51173767,29.95903663,38695.19743,1.000046959
2021-09-02,413.9224512,48841.19611,29.75338174,479.4396902,2.315109781,3794.71959,13.89007679,12.50755198,31.3549299,40020.52524,1.013683516
2021-09-01,391.5806856,47006.33517,26.72435759,441.1301663,2.232160168,3418.216735,12.04601697,11.38522213,29.3647247,38317.16295,0.9970857373
2021-08-31,357.718971,47029.18185,25.03735769,419.8682262,2.094348416,3272.732085,11.70513594,11.10956724,26.84027931,36924.99485,0.9993762137
2021-08-30,364.2930806,48835.14323,25.80118212,418.6190765,2.105000528,3226.047891,11.61196311,11.65021615,26.8030903,37502.63603,0.9972782828
2021-08-29,367.0214847,48901.58913,25.73196362,413.7465853,2.092219984,3244.529179,11.76972043,11.98864448,26.8352949,38085.87876,1.001733043
2021-08-28,372.7520363,49071.13367,26.03038224,421.2894995,2.17892682,3272.149092,12.21592088,12.23222375,27.39132485,37801.76032,1.001177414
2021-08-27,350.8824659,46899.49544,24.39849531,405.2746971,2.050825963,3127.203589,11.61525862,11.42678257,25.52554417,36153.57104,0.9955872105
2021-08-26,384.1853259,48971.08935,26.53733344,435.4929256,2.196604359,3227.527506,12.24817542,12.40553265,27.06403378,38295.11292,1.000247015
2021-08-25,378.1766825,47727.11408,25.75676029,423.0684763,2.097737817,3172.0039,12.32498132,12.22461431,26.65866271,37102.90148,1.000416889
2021-08-24,409.3838764,49517.3756,28.63536667,465.2247526,2.36279889,3334.667516,13.7854101,13.29799003,28.79655514,39981.36146,0.9975365046
2021-08-23,401.2945256,49311.59995,28.01906079,460.3239226,2.447015611,3241.468327,13.76267777,13.54600282,28.42406299,39513.029,1.003832034
2021-08-22,400.100754,48886.85918,27.87647226,462.6936315,2.222288224,3238.975727,13.68416561,13.08964831,28.25237066,38986.39505,1.000797669
2021-08-21,409.3054199,49326.87446,28.69628136,480.1430283,2.270103055,3286.405767,14.664722,12.58629719,28.86332203,39799.52877,1.001433022
2021-08-20,405.2401205,46745.81563,27.09273655,456.0333815,2.150568288,3184.61756,13.99914932,12.39285279,27.96933712,39123.41031,1.001479253
2021-08-19,380.4344523,44801.34211,25.45675849,436.1414363,1.915198391,3027.666986,12.5784301,11.34194534,26.3613749,37193.78152,1.000541618
2021-08-18,395.399316,44674.72157,26.14398812,447.4872039,1.920872035,3011.545337,12.58336812,11.2356781,26.40769784,37868.78,1.000612
2021-08-17,414.0330506,46097.06784,27.99880724,470.2984281,2.125139146,3181.639721,12.60187685,12.15845183,29.35050268,39346.00605,0.999127568
2021-08-16,410.5754209,47056.23929,27.9091204,489.3254864,2.219119628,3310.590647,12.62126333,12.87360249,30.26119062,39869.30954,1.00036296
2021-08-15,414.5271726,47102.72863,27.14513828,477.2259714,2.261383786,3264.762474,12.18333383,12.98837535,30.10744191,39547.07493,1.001806307
2021-08-14,427.8454145,47824.19844,27.75537452,484.1806718,2.362334967,3323.90428,12.56823941,12.10188285,30.56258109,40205.99101,1.001308595
2021-08-13,392.1565886,44267.32571,24.88195899,453.460111,2.03153656,3035.643746,12.10967858,10.39365428,27.89766791,36943.83251,0.997875817
2021-08-12,402.9181924,45896.61804,25.92499567,468.5488576,2.038098467,3193.494149,11.23900858,10.67811172,28.97809242,37962.82346,1.00149717
2021-08-11,383.7831577,45619.63618,24.55727456,472.4586863,2.068681391,3143.801473,10.34999208,10.26433426,28.78248969,34903.3166,0.9999842744
2021-08-10,374.4440751,46396.4632,24.23104561,467.7178718,1.874971149,3164.332581,9.823584002,10.16342892,28.35755892,33962.66744,1.000777482
2021-08-09,361.0759526,44209.13938,23.05365459,467.0378528,1.756936915,3015.983634,9.392976373,9.688298556,26.71512894,32766.90381,1.001536754
2021-08-08,385.4072245,44551.44713,24.68597766,507.3522052,1.91473626,3159.377297,10.33347194,10.54226566,28.26563427,34652.76872,1.000293138
2021-08-07,369.7926423,42864.08295,23.89845018,466.4479263,1.924550927,2892.634011,9.822770618,10.19175023,26.19172158,33215.36273,1.001031266
2021-08-06,373.1808439,40884.83,24.06714965,475.1718283,1.770123986,2828.452629,9.628585971,10.58146101,25.43981232,32943.66585,1.000159997
2021-08-05,338.9524824,39749.98808,24.1801281,464.5246311,1.623829441,2727.390248,8.745290972,9.65434343,23.52128995,33000.45989,1.00179874
2021-08-04,308.2943898,38136.04454,23.88972031,396.0396188,1.56804256,2518.660591,8.059081402,9.045560265,21.40162877,31813.97799,1.000209948
2021-08-03,320.3867313,39152.28128,23.47998623,407.5940972,1.62241332,2609.186237,8.36701188,9.493427905,22.3851898,32018.35708,1.001012008
2021-08-02,316.7250956,39978.234,22.09360851,409.9362693,1.659302743,2562.485123,8.494567489,9.480314438,22.01124704,32076.03045,0.9995779297
2021-08-01,330.9896779,41561.59902,22.74842555,406.1065158,1.712547718,2534.995818,8.8734483,10.15436553,21.78991313,33135.33805,1.000404822
2021-07-31,321.0273804,42262.10991,22.31131189,404.724529,1.698647297,2467.986773,8.479868716,9.632465695,20.96358978,31368.64425,1.000484881
2021-07-30,311.5379028,40012.70964,19.35983256,396.1795929,1.621944012,2381.189406,8.16439058,9.955236792,19.55128018,30835.81904,1.000245386
2021-07-29,297.6587687,39999.6379,19.07077065,387.1956907,1.536472962,2300.320177,8.11703034,9.103556874,19.00064958,29848.45474,1.000918401
2021-07-28,300.0187158,39464.27416,19.51469558,392.7078165,1.563351383,2300.822896,8.169989137,9.363232042,18.8953347,29615.54153,1.001080531
2021-07-27,305.2834465,37327.27183,18.29413823,392.6650631,1.532745575,2231.082845,8.283968211,9.362001162,18.54235829,30044.21184,1.001328389
2021-07-26,288.0719569,35372.15365,16.76920171,391.3368032,1.524676636,2192.044039,8.335036583,8.405824317,18.28735465,29985.98019,1.010597317
2021-07-25,288.0366708,34300.96828,16.69872592,409.4092994,1.547590891,2187.873594,8.046038854,8.61786654,18.25754562,29534.43059,1.001528265
2021-07-24,289.8249426,33589.95369,16.51459138,417.6534273,1.606245169,2125.549363,8.600495939,8.762829289,18.6237954,29429.4732,1.001069415
2021-07-23,275.0978417,32188.99372,15.88594822,412.5667339,1.51768309,2015.802946,7.736274963,8.469468501,17.3218579,28295.71909,1.0064141
2021-07-22,258.7050649,32102.78233,15.27902536,376.0727154,1.443605612,1978.236351,7.075956504,8.466890579,16.71408569,28266.18165,1.006769181
2021-07-21,223.2822567,29793.1234,13.81038938,349.7404594,1.287847101,1787.810257,6.292302647,7.552583501,14.56758609,25789.00755,1.003869845
2021-07-20,238.1619282,30867.65078,14.50208146,339.1517219,1.343255305,1818.013354,6.640666933,8.156997273,15.71715076,26851.2916,1.001005084
2021-07-19,254.1874504,31785.86281,15.49134202,379.6761446,1.413413812,1893.370271,7.087248982,8.884955193,16.3191431,27981.31699,0.9927028028
2021-07-18,253.0844014,31530.53767,15.35723772,378.7802566,1.424712153,1898.91594,7.480967247,8.842330945,16.12109054,27667.01431,1.00086936
2021-07-17,253.6013528,31411.62736,15.24679985,368.183255,1.419532653,1877.592421,6.360406248,8.906928334,16.36944401,27659.73835,1.000968598
2021-07-16,272.076606,31756.4486,15.73149748,398.598286,1.511961519,1915.416625,6.70574361,9.568974721,17.06151665,30074.54567,1.003897862
2021-07-15,279.3193226,32855.79039,16.93730074,410.0779038,1.597731443,1994.052172,7.115686009,10.45568159,17.87168602,31612.02222,1.000784393
2021-07-14,271.1820632,32735.40261,16.86615702,387.3393166,1.601332404,1938.490754,7.136422281,10.98507654,18.45686157,32329.73152,1.005202806
2021-07-13,296.815378,33145.0867,17.53198856,412.7521574,1.679518761,2034.678767,7.636883931,12.10163703,19.53664955,32877.99646,1.000555393
2021-07-12,304.635126,34228.39081,18.35619939,435.2559278,1.760382719,2138.898595,8.145641208,12.41333099,20.69396571,33795.44166,0.99960708
2021-07-11,294.8296634,33517.71436,18.21181401,423.1120629,1.700756517,2111.107929,7.995632221,11.04690205,20.25710814,33166.31537,1.001223616
2021-07-10,303.3424994,33794.91772,18.64040872,434.3374709,1.767317609,2143.280707,8.409846207,11.48050745,20.97760373,33487.97569,0.9994937761
2021-07-09,292.2767673,32877.28756,18.31552863,415.0131729,1.730067028,2117.406584,7.919168112,9.594932543,20.23407197,33067.66366,1.001674377
2021-07-08,314.8089526,34049.45343,19.79013875,440.2896002,1.940752842,2315.932529,8.78303701,10.75013817,22.26670155,35425.97178,1.000665058
2021-07-07,316.8186037,34227.29439,20.0803331,482.0603761,1.965993418,2323.480404,8.97521623,11.22722911,22.40524232,35919.10524,0.9995841719
2021-07-06,307.5354668,33685.21261,18.35132907,492.5822701,1.79814733,2195.219313,8.072728539,10.60956894,20.05028196,32414.92408,1.000814179
2021-07-05,276.6268381,35282.94934,19.23709703,444.1257246,1.83115888,2322.993716,7.920931336,8.58659408,20.75066318,33350.46608,1.000925521
2021-07-04,259.4926778,34667.73382,18.53250591,380.0388676,1.757734066,2225.793419,7.602273526,7.278493611,19.46434622,32636.24751,1.000884276
2021-07-03,234.344466,33806.74007,18.30958361,368.501756,1.659735614,2156.365884,7.442329242,6.912771213,18.23021809,32086.60421,1.000905451
2021-07-02,231.1003553,33557.67257,18.24020012,332.9421786,1.701792434,2111.497085,7.419535936,6.848440168,17.84198105,32003.69367,1.000983293
2021-07-01,250.6434297,35026.72197,19.49115739,338.4091261,1.815324522,2273.853463,8.141800099,7.331989661,19.27344154,33863.93704,1.000828682
2021-06-30,236.9002711,35865.49752,19.46669614,309.6652942,1.785611461,2160.496495,7.909430048,7.174815563,18.63090102,33596.50842,1.00061403
2021-06-29,227.6813178,34468.11705,18.80349948,312.4424329,1.609366146,2082.79583,7.605096508,7.005644269,17.73040966,31445.82317,1.000739303
2021-06-28,203.237584,34716.04762,18.41997921,257.3841534,1.5891,1984.779737,7.139896681,6.419640618,17.0933,30270.28481,1.00191845
2021-06-27,186.9892197,32177.70395,16.93013148,225.2831388,1.486026657,1829.900864,6.823855917,5.950782813,16.10632236,28714.17714,1.001310122
2021-06-26,187.2289489,31627.64041,16.88053042,222.4082735,1.445436971,1813.018614,6.3115397,5.82977724,15.82638273,28285.97752,1.000203473
2021-06-25,211.3452796,34672.03813,19.0389008,256.3374662,1.679469174,1989.098427,7.050074641,6.63312038,18.09752844,31349.00099,1.000275265
2021-06-24,207.7471894,33653.45918,18.37031553,241.8306906,1.503982992,1968.399336,7.060360918,6.651278117,17.79521597,30987.54951,1.000378366
2021-06-23,205.6285634,32488.85826,16.79030196,234.43687,1.40027244,1874.95134,6.800937047,6.323592259,16.36784692,28613.61036,1.000723354
2021-06-22,213.4059454,31685.11087,17.44024344,222.2944419,1.450496767,1891.003963,6.645254773,6.577027521,15.83979345,29442.04402,1.00143071
2021-06-21,272.9286105,35604.00294,21.66153837,293.633721,1.924633369,2243.592212,8.424405282,8.46420466,20.70662868,36070.73993,1.00069779
2021-06-20,255.5679074,35550.71962,20.36199393,272.8914875,1.858822468,2172.798772,7.496950921,8.098878736,19.83989131,33319.20378,1.000912711
2021-06-19,265.013711,35701.93096,21.23447913,278.2379402,1.918908567,2228.704091,7.80652199,8.307606251,20.3887572,34129.34751,1.001413011
2021-06-18,292.9615889,38031.89535,23.4021843,306.802305,2.0928779,2370.294266,8.46439975,8.999550284,22.13124147,36270.37937,1.000975951
2021-06-17,290.3386969,38340.04087,23.01227496,304.8432822,2.065100332,2367.877442,8.496198308,9.042144757,21.80125887,36397.21629,1.001066295
2021-06-16,311.8357061,40143.31358,24.53397381,325.2645775,2.238431053,2544.099447,9.107697779,9.727783992,23.42368958,38896.7431,1.001033907
2021-06-15,318.0929902,40878.68448,24.98884943,336.689375,2.278935923,2589.768828,9.258236555,10.09185108,24.16613336,39384.30126,1.000873444
2021-06-14,316.52,39020.78744,23.37190913,324.1584994,2.2074,2510.310216,8.649056122,9.1301,23.272,38574.54407,1.00105307
2021-06-13,278.4754062,35528.06743,21.66687662,296.1746512,2.080414985,2371.603108,7.846479676,8.459741729,21.28290515,36303.61958,1.001040319
2021-06-12,284.9568547,37320.3993,21.46936053,294.7605187,2.155399444,2351.924012,8.562162215,8.632724689,21.66218534,36865.72115,1.001298048
2021-06-11,310.025749,36689.35678,23.09221826,327.4957421,2.261102742,2471.347545,9.396001684,9.925303908,23.55426072,37803.0012,1.0011
2021-06-10,338.6796346,37335.20618,25.57211597,363.8188537,2.523138017,2608.147611,10.53991941,10.88368104,25.10494645,40492.80374,1.000170441
2021-06-09,330.5293936,33454.84242,24.10305889,351.7241058,2.329433781,2515.752336,10.06869791,10.44239236,23.49909397,39796.16887,1.000981643
2021-06-08,334.0637278,33567.02144,24.5210373,342.8091904,2.143401461,2592.39645,10.256,10.80424496,24.20441065,40448.01262,1.001367972
2021-06-07,365.5952043,35837.74876,27.53559485,388.5266278,2.451704162,2713.962801,11.54827835,11.90602545,25.823,43082.84408,1.001291207
2021-06-06,356.7495648,35620.45166,27.12128529,387.3451624,2.5270761,2629.794348,11.55277614,11.65069637,25.61043004,42232.3912,1.000792838
2021-06-05,373.5599518,36879.49783,28.8711372,401.5690503,2.679753613,2687.968681,11.8545659,12.20620934,26.43472286,42664.63517,1.001056976
2021-06-04,397.6939766,39206.96045,32.19522098,449.2674733,2.501856055,2854.592784,13.19516448,13.53540387,28.64956332,45826.33505,1.001266541
2021-06-03,383.8909406,37562.27446,30.63982761,434.4818762,2.335545984,2704.886923,12.53702713,12.82809558,27.60686659,45199.53129,1.000836836
2021-06-02,372.817679,36683.37035,30.71590045,427.4114514,2.047430634,2634.230563,12.05249199,12.69194678,27.40892761,45080.11023,1.00084
2021-06-01,381.7296235,37299.40902,32.06907154,436.4613836,1.962840498,2710.857539,12.50285359,13.47719885,28.22884679,46965.15207,1.001
2021-05-31,324.1364036,35656.93755,26.7544343,405.8,1.673058396,2384.949344,10.774,11.849,25.60970714,41842.76536,1.001013549
2021-05-30,298.452877,34642.82153,25.44544744,354.6954405,1.744389653,2281.450146,10.064,10.91572342,23.19483753,39183.03289,1.000903785
2021-05-29,320.4452918,35770.10122,27.95089765,377.4192775,1.590028311,2422.751963,10.6068617,11.95348735,25.88477156,41053.89315,1.000980298
2021-05-28,370.8912727,38418.17001,31.73927197,420.4678257,1.744678451,2735.852678,12.07541885,13.33324101,28.37920037,46889.50395,1.000907307
2021-05-27,415.34,39302.5883,33.646,464.2411591,1.894793554,2889.43,13.434,14.546,28.7287,50247,1.001684965
2021-05-26,371.1221573,38375.44292,27.61389856,427.9630003,1.614730207,2707.814457,12.23559055,13.64404409,25.23459718,46924.17514,1.000988416
2021-05-25,386.095159,38720.28463,26.41675965,426.2722314,1.626332893,2646.02286,11.98713274,13.90374525,24.66884982,48447.02,1.001204896
2021-05-24,294.6807581,34841.88434,19.90561056,342.5344897,1.326204686,2110.237948,9.026130179,11.78870447,16.74261494,32783.38277,1.009405598
2021-05-23,334.6846941,37512.23399,23.28508487,384.0061263,1.627435595,2293.038632,11.06505668,14.87948844,20.39015642,38483.69731,1.001081876
2021-05-22,373.3040652,37329.2123,25.58339369,449.560095,1.851798952,2433.033187,12.915566,16.36163629,21.99303032,43786.16216,1.001702483
2021-05-21,469.6825335,40860.05139,31.58620228,548.9198824,2.212842163,2787.851918,15.12796693,16.26393295,26.42898962,51868,1.011
2021-05-20,418.4743755,36990.08319,25.79551634,471.5155532,1.978869273,2458.735651,12.89543995,14.3995,24.4796,46131.05222,1.000792057
2021-05-19,631.8138935,43024.41499,42.5974213,666.8476939,3.494401937,3382.809578,21.45463124,23.26156877,35.07171839,73001.75172,0.999145922
2021-05-18,575.2439436,43705.25265,37.27160228,698.3818447,3.089040852,3288.477503,16.19414866,20.30913665,33.90274199,64362.44304,1.00051335
2021-05-17,527.4,46471.92245,40.71647257,684.2342334,3.2749,3584.562175,16.55111272,18.83918616,36.320902,65981.25053,1.002561763
2021-05-16,516.3619262,46950.80067,41.51767016,689.650986,3.210420548,3646.567557,16.19306853,19.2362324,36.59621725,67254.23,1.000257476
2021-05-15,595.517735,49904.84803,46.55647529,775.9782466,3.681463211,4083.899472,18.53843622,21.14034889,40.4537851,77754.48261,1.0011
2021-05-14,508.4521716,49820.50042,43.09131849,765.4122505,3.360336497,3717.536428,14.769,23.70994533,37.31246487,66100.71112,1.000231434
2021-05-13,494.1251315,48698.05972,41.653161,726.9733118,3.21320034,3765.096256,14.9162,84.25522985,36.785,65490,1.00023
2021-05-12,457.4398162,56755.75447,48.85796873,854.6182576,3.317787144,4175.416233,15.24612205,18.42996878,38.54698264,82911.2698,1.0002
2021-05-11,433.2626983,56044.03808,46.39486515,784.5524955,3.10136547,3955.356516,13.84309193,16.2747854,36.6376,62200.9979,1.001782484
2021-05-10,460.2253224,58298.1413,53.5892446,771.4357112,3.445735751,3934.788465,15.486,17.80880854,39.49203004,53450.78556,1.01494807
2021-05-09,466.9987882,58855.23904,48.73065272,783.701017,3.571432588,3910.762582,16.30209534,18.44509095,40.49594816,54222.58351,1.002315252
2021-05-08,445.8050219,57380.12527,49.19590226,715.5403713,3.656318287,3485.641728,15.82948957,18.769073,39.7103298,53403.17,1.00226
2021-05-07,453.276012,56431.63976,47.17388027,741.27,3.242361218,3492.531323,16.524,18.43787726,40.36020515,52374.64,1.003255392
2021-05-06,475.1089479,57497.21622,49.48236407,788.1211089,3.09487012,3526.898132,14.38351699,17.68112551,42.572,54582.95351,1.000561103
2021-05-05,461.0904437,53319.89363,45.57675118,741.306286,2.835389718,3250.447315,12.93750228,16.50357768,44.31365067,50301.93009,1.000723892
2021-05-04,517.8038242,57201.63713,42.06812758,832.0117396,3.247956152,3431.226175,14.39778646,18.849,40.94965944,51702.8058,1.007406821
2021-05-03,482.7519506,56601.41257,39.49644208,806.0990652,3.274580317,2950.878195,13.94765437,17.33319171,42.60305677,48543.92,1.001319853
2021-05-02,505.5683461,57837.39324,41.27898087,804.4182222,3.400253417,2947.059696,14.8656,18.15784674,40.3521,49830.48072,1.000372784
2021-05-01,444.7029764,57766.92929,38.15796709,742.6469792,3.335487544,2773.575586,14.36901942,18.23404506,40.66950426,48969.09387,1.001504176
2021-04-30,438.7966885,53590.12289,36.47637975,643.5670551,3.021707496,2759.338308,14.04453767,17.69365178,41.08275024,46846.78233,1.001159777
2021-04-29,461.2954254,54886.01541,36.27720572,647.8069543,3.044834826,2751.048164,14.30127274,16.85019333,42.9034,48132.68845,1.001226811
2021-04-28,441.1994075,55161.22776,37.17379045,659.1007877,3.128503472,2669.120881,14.28385712,17.14843816,39.69509016,48749.17551,1.001263457
2021-04-27,405.4885252,54032.89404,35.13123024,645.1616303,2.78093553,2538.138186,12.13897342,16.12890654,38.20622592,45368.49355,1.001299498
2021-04-26,349.1653263,49148.73631,31.68586524,554.1720471,2.383903611,2325.111486,10.97563229,14.13216765,34.409,39930.55858,1.00124
2021-04-25,317.9331017,50115.23321,31.31802437,568.8738961,2.372790233,2214.832404,10.71035926,13.80297811,30.25577558,39262.73656,1.000627314
2021-04-24,344.3488593,51275.60835,35.28122746,624.2122805,2.647899209,2370.828595,11.84605051,14.93480647,32.98384452,43420.42189,1.000843518
2021-04-23,360.6866652,51730.37363,35.19200976,527.24,2.766125047,2401.058238,12.3342606,15.3019296,33.9755087,45406.71945,1
2021-04-22,350.557978,54058.69201,36.35872569,492.81,2.900717323,2365.147,12.48276174,15.90486248,33.57912274,45531.38191,1.0044558
2021-04-21,360.811207,56574.86619,39.02383034,490.7337516,3.028099932,2333.887757,12.73602182,16.84427381,32.01558725,48967.18652,0.9914001
2021-04-20,345.2485141,55738.96576,35.85324589,478.5252484,2.827535474,2166.104155,12.20584542,16.07518985,31.44898124,46923.88772,0.9774542522
2021-04-19,381.9761161,56368.3,39.3707592,489.5519031,3.251352034,2240.972464,14.048,18.089,31.714,53512.6286,0.9995
2021-04-18,426.7153152,60100.69316,39.99032001,536.9218707,3.796548468,2320.800511,15.8938333,20.27967586,34.81187063,48832.04645,1.0026615
2021-04-17,442.4375748,61454.65998,42.04519535,564.6135755,3.93010035,2427.410716,16.32119,20.94410365,36.233,53498,0.9999322508
2021-04-16,467.77,63288.07771,42.74300475,562.98123,4.049691433,2519.5891,17.6915,22.12570274,37.80567732,50466.70019,0.9950834499
2021-04-15,426.1543679,63127.61457,41.44,485.6407205,3.171396055,2435.296596,17.5536788,20.01048326,36.10269279,47323.99792,1.000374233
2021-04-14,399.4231997,63621.06822,35.50823036,485.2513034,3.118409853,2301.148871,15.86225045,19.13151867,35.39049439,44826.95214,0.9985995785
2021-04-13,397.2136601,59858.14115,33.10319343,468.2969731,3.032810068,2138.354905,16.08723314,19.60002241,36.69529036,43081.98849,0.99550028
2021-04-12,372.4538387,60088.24104,33.85427645,459.3057343,3.122581647,2152.365814,14.14221584,18.944,29.92717868,45040.42798,1.00005
2021-04-11,367.6767812,59732.89127,31.92265727,451.6125718,2.961829532,2136.166934,14.50200006,19.03516345,29.80018526,44619.90098,1.001721707
2021-04-10,358.990943,58110.34528,31.56970246,453.6766666,2.980786519,2067.255255,14.51257162,19.40616633,29.50922216,45737,0.9976996297
2021-04-09,371.1589712,58095.08838,32.80234672,456.6329021,3.073156472,2080.616705,14.42887321,19.91696358,30.20843835,47224.05551,1.0003592
2021-04-08,348.6997628,55952.34459,31.10144484,441.7099872,2.88685365,1966.382831,13.99477664,19.34045075,28.5414682,43914.31,1.000305321
2021-04-07,383.3398155,58000.90116,34.72890687,482.535351,3.170872803,2112.470401,15.24379013,22.07183468,31.31854311,41426.35771,1.00406644
2021-04-06,398.3102319,59016.12411,32.35964513,511.6911133,3.318353444,2107.094254,15.0527554,20.70486639,30.81376422,38468.32463,1.000748207
2021-04-05,405,58210.31811,30.77554348,548.2561153,3.109104335,2076.334967,15.2759249,20.6593799,30.9523,37642.01,1.000712877
2021-04-04,378.6130868,57026.79777,29.19445427,478.9468443,2.921458285,2007.412402,14.80700298,19.26536225,29.308,35781,1.001096976
2021-04-03,420.4186686,58993.9885,32.48144704,483.117979,3.353977747,2135.808022,16.45477168,21.40947739,30.2303893,39328.57763,1.002425488
2021-04-02,384.200206,58893.23899,30.28929166,459.9124288,3.321125383,1972.769395,14.9244845,19.18073246,28.67000815,36873.91298,1.079351887
2021-04-01,382.6751364,58856.66251,29.40413477,399.2705753,3.130235508,1916.953817,14.724,17.65585879,28.06668214,36166.04204,1.000373097
2021-03-31,377.5178964,58759.88203,27.86229492,402.586635,3.290517428,1842.336894,15.43530543,17.56183632,28.55696742,35546.55669,1.001
2021-03-30,360.8487243,57637.53369,28.03574211,409.1560927,3.515329275,1817.252082,15.82341722,17.78606954,29.00634951,35363.6894,0.9985552382
2021-03-29,347.4405615,55745.48411,26.65501222,362.0323237,3.018472741,1686.50887,15.266,16.47256248,27.84090364,32617.24494,1.00299173
2021-03-28,352.0459289,55859.43541,26.86791395,363.3705194,3.136135613,1714.315814,16.21776466,17.1976558,28.18899143,32742.55866,1.001656279
2021-03-27,359.1605526,55091.00545,27.43819079,369.8618742,2.626836681,1702.266699,16.84921352,17.49296122,28.98948497,33230.0599,1.001777154
2021-03-26,326.0103517,51418.83861,25.58336245,361.1190489,2.389813547,1587.856295,14.84799738,16.1470068,26.5636587,31864.67287,1.000749644
2021-03-25,308.7389647,52409.35022,24.85113237,345.7375663,2.528775416,1583.957285,14.912,16.11864521,27.24085123,30959.34366,1.00093067
2021-03-24,331.0961895,54446.99362,26.81407711,360.4136155,2.877132307,1669.864378,16.40837752,17.42327619,31.05269002,33742.60106,1.002950369
2021-03-23,336.9158404,54205.29805,27.32303526,379.246399,2.361317805,1684.285006,17.38199614,18.08471681,32.88195702,33347.97211,1.002147389
2021-03-22,367.67,57376.11064,29.26096831,403.14,2.59545889,1784.545564,18.86301428,19.5272,32.93115923,35367.26,1.001154938
2021-03-21,370.0607236,58056.48539,29.62099193,412.2236082,2.690373131,1803.643053,19.4565987,19.78271464,31.98578698,35032.70858,1.000484178
2021-03-20,369.1963809,58113.90287,29.78244555,441.9461891,2.745348893,1809.828754,20.31734168,19.85611735,33.12733203,35986.51147,1.000891411
2021-03-19,362.8495725,57640.17258,29.41429368,429.0608428,2.599947543,1775.249761,19.74304505,18.53970481,30.00886976,35682.92688,1.001372424
2021-03-18,383.0125105,58932.83857,31.07577247,435.72912,2.435379916,1828.106925,19.94809667,19.21316485,31.40562085,35217.81909,1.000902103
2021-03-17,370.6326191,56907.89306,27.93472697,432.6325732,2.603652404,1807.228846,20.221,18.73369695,30.03416758,35024.97131,1.001213004
2021-03-16,366.7724355,55728.69123,27.4313719,430.1610321,2.227058441,1788.550037,19.14960859,18.88913822,29.72121058,33695.39541,1.00197088
2021-03-15,380.5624445,59094.92248,28.67415079,438.3618782,2.112950934,1851.016549,20.74930764,19.45662614,30.71570176,35908.24239,1.002013616
2021-03-14,413.9719845,61263.28344,29.77539369,465.7836915,2.379876428,1923.738878,22.91532286,20.48625093,32.53851411,38204.48072,1.001035213
2021-03-13,373.8582558,57207.76852,28.37031009,434.2757338,2.056688708,1766.381922,19.3731534,19.44225187,30.93813069,35997.67319,1.003745758
2021-03-12,404.8970752,57797.01021,30.09761745,465.4954093,2.171459672,1826.90503,18.61789658,20.80071938,30.8666,37914.34533,1.000588189
2021-03-11,408.8307334,56036.95517,30.0332921,462.4343354,2.222897194,1800.217821,18.00271515,21.68191767,30.98553499,37969.69465,1.001714058
2021-03-10,445.1870043,54909.66751,31.52630538,501.3961162,2.406489265,1870.696154,19.69123105,22.65342898,32.89355191,38998.20564,1.00208
2021-03-09,437.1568834,52320.47641,31.83802417,478.4142859,2.391712904,1832.533306,17.23620203,21.86289423,33.22300492,39835.3873,1.000390219
2021-03-08,414.5396665,50963.93809,28.60421082,490.98,2.243650958,1728.259601,17.987,21.73249701,34.27888204,39136.42987,1.005827198
2021-03-07,387.9976145,48876.11071,28.15336322,492.1146465,2.047450231,1649.104226,16.59169495,21.25357548,28.45629785,34008.92441,1.000336549
2021-03-06,368.1433685,48861.31941,27.92515136,477.2877954,2.059736043,1533.024782,16.65187333,20.80427593,28.36755022,31998.08476,1.001428088
2021-03-05,374.3644199,48462.60809,27.70555614,469.7575619,2.082587307,1539.087883,17.33258437,21.48945599,28.30824434,32380.92983,0.9676942596
2021-03-04,396.3294354,50448.91656,29.92652161,491.6453873,2.282069733,1571.549832,17.42154885,22.57225453,25.43197672,33754.67933,1.001123283
2021-03-03,391.2076991,48373.68738,28.52215191,499.8714518,2.522114427,1491.289589,17.89461869,22.46995086,25.59216667,33282.84253,1.000377983
2021-03-02,384.9220159,49628.98775,27.74311984,494.0399309,1.998957515,1572.30422,18.77124102,20.67133503,25.73517194,34809.57665,1.00090183
2021-03-01,353.9263011,45169.63074,24.69399237,405.2310675,1.765480339,1418.122492,15.06348178,18.70545957,22.19247182,30782.53996,1.002606378
2021-02-28,332.8742365,46138.78406,26.20251703,399.0976708,1.962924769,1458.731309,16.42,18.80305147,23.56709819,31431.2687,1.001208977
2021-02-27,322.7915441,46317.62978,25.13611745,397.580395,1.922829837,1443.116613,15.28566661,17.96779672,23.0698827,31081.84526,1.001079873
2021-02-26,336.5867281,46844.23081,24.681,395.1320937,1.995989413,1469.190739,14.2995551,18.23702868,23.34723298,31510.84989,1.008505929
2021-02-25,368.0225554,49740.14408,28.15504186,439.1419571,2.156923623,1629.086831,14.70867092,19.19662484,25.25902179,33837.48803,0.9979367891
2021-02-24,362.8510165,48909.57655,26.00302784,384.0996237,2.132400793,1576.524777,14.70352863,18.15491766,24.86471405,33397.93414,1.001945433
2021-02-23,402.4137676,54123.85514,31.47940843,423.7802943,2.579720128,1778.445596,16.60247557,20.73403178,27.7181714,39291.29226,1.006305348
2021-02-22,438.0947,57461.68241,34.15914807,453.79,2.910172762,1935.707409,17.33680785,22.88879169,28.9884,43134.58244,1.00037
2021-02-21,443.8426575,56008.98693,33.96193309,454.285168,2.895603575,1918.213191,18.262,23.22061534,28.74907157,42455.36021,1.000907572
2021-02-20,421.1117503,55912.07316,34.71945222,451.5799935,2.630981276,1958.267653,14.58,22.4046,20.08423561,44948.16806,1.001525203
2021-02-19,441.2930848,51612.25706,32.40013798,456.9830667,2.805556729,1934.782702,15.7652681,23.17535009,21.13895542,44205.11811,1.00024
2021-02-18,452.7045004,52158.80798,32.26863269,474.7397531,2.789840238,1852.378872,16.185,24.28899291,21.53930807,43893.29492,1.004553084
2021-02-17,432.7375995,49240.30536,32.00746911,457.3676015,2.669770453,1782.590368,16.46020379,24.05059463,20.47126244,42900.83209,1.001868921
2021-02-16,456.5648734,47959.48518,32.6730672,461.7578577,2.729071335,1782.466958,17.2577589,24.64723621,20.11940157,40342.59707,1.003679373
2021-02-15,471.1176649,48704.7756,33.28163978,472.0097595,2.979571966,1804.35295,15.00024003,25.12634781,20.85899893,43497.0848,1.002640903
2021-02-14,494.7564872,47185.99791,34.29904077,512.0662893,3.291236366,1816.71657,16.1448,26.41105408,21.79681195,47243.21504,1.002759409
2021-02-13,529.7710875,47464.16944,30.73,538.7231241,3.396953501,1844.409089,16.60146084,27.09477286,22.70088352,47208.53983,1.002041136
2021-02-12,517.7070909,48200.10796,27.90717719,502.6089044,3.559069254,1789.307307,16.83,26.17738543,21.47980179,43884.81302,1.0004
2021-02-11,525.1192142,44914.84118,26.86031544,475.2227113,3.094054327,1744.88373,14.91679331,25.14136969,20.73584583,36364.14409,1.001313199
2021-02-10,489.7213433,46566.66084,27.66930044,489.492396,3.18948991,1773.050115,14.31324865,24.69307546,19.55803545,35353.9884,1.001683217
2021-02-09,491.5394835,46517.2698,25.47291344,455.7597022,3.071851687,1754.541301,14.13013273,21.37740571,19.34899422,32616.91553,1.000617967
2021-02-08,472.43,38860.31735,24.75776136,457.3412172,2.989146567,1615.061113,13.18131817,20.11494224,18.7112,30934.78079,1.00094
2021-02-07,474.9335428,39299.78351,24.99730402,462.0244015,3.138348355,1674.640403,14.1884,21.0717868,19.22955902,31524.88743,1.000757366
2021-02-06,506.3390322,38334.99824,26.64560688,532.8554505,3.275611263,1724.579274,15.4,23.65696757,21.14696329,32503.67601,1.000691655
2021-02-05,468.5871468,36991.60093,24.54447959,455.5293631,3.031186324,1598.02251,15.40548858,19.67493642,20.14310643,31144.1254,1.000842953
2021-02-04,383.4429206,37680.02234,25.11301186,389.3743527,2.638464184,1667.194415,14.30281048,17.20817651,19.73453728,34167.84568,1.000721144
2021-02-03,303.7025318,35515.91694,23.68214391,356.6243984,2.504580185,1514.497937,12.66028107,17.05871446,18.98079147,31747.31374,1.002830799
2021-02-02,294.932992,33562.48603,22.88534223,362.8514489,2.53265101,1372.614845,12.99937552,17.54680009,20.4324681,31191.05647,1.001216693
2021-02-01,300.1413723,33114.70408,22.58735531,348.7411706,2.528249722,1312.885888,10.075,17.25244553,17.74405981,30162.60258,1.000505305
2021-01-31,315.7024535,34309.18645,23.68441917,337.1782189,2.542468512,1375.466333,10.32330054,17.91672035,19.53678595,31129.38701,0.9978179975
2021-01-30,287.7963502,34323.63091,22.77302148,295.0949706,2.045072669,1380.935244,8.981721864,17.06420032,15.74083004,29982.06006,0.9971333088
2021-01-29,297.9405856,33421.49609,23.08390105,258.9353754,2.063686598,1333.372353,8.265225984,16.96654849,14.1532825,30317.47973,1.001014717
2021-01-28,287.3358568,30408.61838,21.01943814,219.7671192,1.818847318,1249.676613,7.063167695,15.36868863,14.76259398,27686.02069,1.000360758
2021-01-27,277.2248222,32549.54484,23.13131879,238.0405463,2.148902554,1366.576076,8.148402605,16.84282348,13.88534737,30321.64309,1.000805599
2021-01-26,248.5601988,32268.13291,23.37326109,212.5008317,2.008631911,1316.926493,7.648793143,15.47534839,11.3105297,29312.05219,1.000245706
2021-01-25,264.513388,32289.29278,24.83891803,250.5818932,2.255256095,1394.167898,8.328602639,17.52426987,12.03948144,32218.97267,1.001870155
2021-01-24,213.4211283,32102.89326,24.78712835,206.8350984,2.142962118,1232.487316,7.070527861,14.6197544,9.327775028,30549.36104,1.002154426
2021-01-23,190.4050284,33030.05167,21.61765766,199.9181389,1.964803176,1236.196683,6.744121717,14.26049717,8.71448466,30861.12464,1.001453828
2021-01-22,159.8243046,30742.67058,18.3901063,176.2040888,1.676188457,1115.588263,5.602996819,12.28310516,7.577680998,27946.19213,0.996297276
2021-01-21,197.2181796,35510.02231,21.86955454,212.7961002,1.629324956,1377.669721,7.2913,15.75430618,8.976583424,34065.46379,1.000975473
2021-01-20,186.7432406,35988.56449,20.55671082,211.9092589,1.331689896,1371.576179,6.529804782,15.21125947,8.623609047,34488.54458,1.000201157
2021-01-19,200.2559036,36622.22821,22.04041001,225.9042196,1.601473154,1259.473829,7.464547471,15.5738419,9.19579929,37948.81819,1.001425446
2021-01-18,186.7649904,35818.13151,23.27615288,216.399059,1.688284043,1232.784159,7.04161198,15.651566,8.690080161,34580.17942,1.000535768
2021-01-17,180.9539266,36042.72452,20.12860202,207.0973855,1.104883431,1227.335071,7.140689504,15.59454808,8.368272525,33820.6455,1.000348641
2021-01-16,168.1986155,36887.14596,20.7520709,203.3354939,1.14933252,1172.989113,6.424748623,15.03549791,7.387134686,30316.53201,1.001230014
2021-01-15,147.4772159,39264.38406,17.96473153,214.3966903,0.7927012139,1226.226214,5.636939876,14.74802993,6.942387686,32860.9324,1.002160405
2021-01-14,147.4288418,37376.10256,15.97376577,211.5446611,0.6879048652,1132.58278,5.126217409,15.53428452,6.343591376,33623.44752,1.000987208
2021-01-13,127.3958558,34054.3408,13.97348838,183.3442467,0.6225145591,1049.545163,4.1005,14.85257978,5.585497203,29646.88963,0.9990745596
2021-01-12,114.7077045,35539.95118,14.65972902,168.6203792,0.6228607161,1091.296218,3.828000503,12.85823855,5.250152713,30111.70107,0.9997592196
2021-01-11,127.157,38174.97836,16.2444052,195.1647573,0.7658,1255.550035,4.275589612,14.1032612,5.988630142,34056.52202,0.9997602743
2021-01-10,118.1814053,40230.00234,17.6418328,180.9226181,0.7685871088,1280.697729,4.812837143,13.20072962,6.276469769,35951.08554,1.002493069
2021-01-09,110.8465421,40665.41647,15.26927251,165.6930854,0.6956870075,1219.523757,4.306957149,11.80072271,5.876752717,34997.0903,1.000671767
2021-01-08,115.3092505,39440.87186,16.0127323,173.2204027,0.7212224165,1225.272484,3.952495284,11.60502118,6.26686775,33098.48891,1.001184072
2021-01-07,115.6722216,36889.96153,17.31591226,184.4338077,0.7328756153,1211.650965,3.862475942,12.15907294,6.430649288,24871.99994,1.001569323
2021-01-06,119.8089675,34009.25538,14.56985592,162.1348776,0.6894547201,1101.723917,3.861728818,12.44615699,6.27629074,23831.94918,1.003382007
2021-01-05,114.3663819,31983.57286,13.60795519,151.3140405,0.6777134754,1040.994528,3.559916887,11.49941667,5.400895652,23417.30039,1.001730629
2021-01-04,93.63269418,32979.5617,13.73581825,146.7328826,0.6736829934,975.9023934,3.445387375,9.534737791,5.529420365,24100.04823,1.002561226
2021-01-03,85.89053331,32209.64351,12.22363208,136.6475959,0.6144051464,775.3811352,3.231663851,8.207467786,4.859510631,21493.73852,1.000062177
2021-01-02,91.08313961,29394.91467,11.87505469,145.7040234,0.6223366462,730.5517152,3.3412,8.354450176,4.748944316,21892.87388,1.005428344
2021-01-01,88.41989935,28963.11628,11.25014839,149.23236,0.6287536146,737.1837252,2.879131697,7.251812931,5.155478599,22746.76412,1.004016577
2020-12-31,81.1760292,28893.61682,11.26669968,157.4059185,0.5835613043,752.6361514,2.595085436,7.343937678,4.155604768,21803.07644,1.006618219
2020-12-30,78.04881777,27363.63389,11.77418076,139.5640448,0.4742629537,731.617969,2.511370118,7.776553875,3.667533604,22177.49493,1.004176174
2020-12-29,81.87440544,27036.83298,12.59922276,143.8507243,0.4975694019,729.3725104,2.595080129,7.989597433,3.731059373,22788.39053,1.003291818
2020-12-28,76.91527415,26248.56456,12.14035303,131.4060116,0.472,684.0072615,2.638,8.079617196,3.595605846,22767.56068,1.003385492
2020-12-27,75.01622893,26453.92824,10.98130678,129.9195501,0.4699238997,636.6312856,2.385569665,8.034835514,3.415987867,22571.32619,1.002270474
2020-12-26,79.64733259,24663.36944,11.56143248,137.8011683,0.4887309844,626.6059238,2.466761951,7.3446574,3.499984834,23613.37654,1.002315711
2020-12-25,80.78710186,23736.26494,11.57214375,136.7223965,0.4790065752,612.648081,2.5,7.462514317,3.522228461,24037.21712,1.002838291
2020-12-24,75.49765876,23244.15248,10.96148706,129.5844418,0.4211245214,584.2574535,2.206697957,7.110946804,3.308128571,20132.00688,1.002409305
2020-12-23,84.36775587,23828.58456,12.7841661,145.2503523,0.5596485938,637.6261564,2.674179485,7.255040739,3.733009991,24860.24894,1.002038235
2020-12-22,80.92806345,22723.19568,12.31029859,142.026046,0.5576721624,608.2175001,2.49773142,6.14454379,3.510446744,24587.0238,1.000954357
2020-12-21,85.49068329,23477.77164,13.06200938,153.644526,0.6157684118,638.0341657,2.725121431,5.94978753,3.761019075,26067.94013,1.001842824
2020-12-20,89.09577981,23868.72315,13.48653575,155.8871325,0.6653479598,658.8082155,2.925645382,6.134183778,3.966385732,27638.60819,1.002416143
2020-12-19,90.73868332,23158.79963,13.52416636,160.5420659,0.6456558503,655.5606105,2.829533682,6.122511437,3.773741956,27921.38932,1.002374525
2020-12-18,85.06716888,22809.50154,13.46068575,177.3221636,0.6551097101,643.1530733,2.684752613,5.301698331,3.69454584,26610.56933,1.001934777
2020-12-17,87.51954614,21368.34118,13.50245672,155.526487,0.6514497903,638.078455,2.9805,5.288916518,3.541334131,26992.84152,1.002407694
2020-12-16,87.1492,19430.1055,12.68549762,150.2189079,0.6290868383,589.1367341,2.7895,5.456003852,3.329898098,24775.00165,1.002283409
2020-12-15,87.1884,19271.0182,12.8288675,153.0817348,0.6377128827,586.3095784,2.560081824,5.24680316,3.481354245,25813.11933,1.001706623
2020-12-14,83.72027792,19165.40125,12.93331697,147.21,0.6166307416,590.48492,2.388234914,4.733598564,3.337212719,26321.07677,1.003245539
2020-12-13,77.69724081,18793.97607,12.20636986,144.5326258,0.5910535965,567.9049903,2.147928628,4.482362963,3.120747549,25380.62306,1.000966677
2020-12-12,74.72282163,18053.11075,11.65113124,142.4439577,0.5569887714,544.9635284,1.932173821,4.366374008,2.964312794,23378.23857,1.004273319
2020-12-11,76.54562987,18256.6138,11.92574329,149.0069543,0.6003446673,558.9601084,2.158145549,4.638091222,3.237128727,23956.29873,1.004659725
2020-12-10,82.4008944,18547.84916,12.62735962,164.5296052,0.6326940719,573.5060881,2.217625535,4.840413076,3.356063117,25604.22458,1.003723844
2020-12-09,80.0385859,18309.37954,12.13137555,155.2241376,0.6077391267,554.597704,2.120464817,4.662151393,3.292327316,25461.32535,1.005606032
2020-12-08,90.8185724,19177.6621,13.07246813,149.9630625,0.7082453127,591.4041063,2.41082172,5.182972894,3.754664353,28502.88838,1.001695772
2020-12-07,88.0210405,19393.1327,13.51759134,137.1219457,0.7039206024,602.9763482,2.190923074,5.168438994,3.653196335,28842.23463,1.010278408
2020-12-06,92.71393533,19157.20273,13.17345983,143.5484464,0.7402225917,597.2622933,2.316740728,5.212415001,3.683960258,29358.75321,1.004566503
2020-12-05,81.18868975,18662.60521,12.66941583,127.2294703,0.6835943123,567.8418839,1.917781513,4.974342923,3.518012484,26494.82394,1.003553297
2020-12-04,91.8115,19436.83639,13.98423443,131.78936,0.8292954337,616.3538858,2.130825182,5.239151185,3.88476787,29654.58505,1.003889783
2020-12-03,86.0982872,19219.1876,13.9967512,114.8689303,0.7927839086,598.2551548,2.112380133,5.249213001,3.94777624,30310.41226,1.00398527
2020-12-02,74.40797981,18784.54624,13.3501462,105.0743575,0.6800396623,586.0157849,1.926380711,4.746741444,3.551168228,25731.66159,1.002311329
2020-12-01,76.0575,19680.64555,14.25840019,112.220887,0.6761352974,616.0287987,1.568273491,4.742832198,3.767180033,26433.02275,1.007267791
2020-11-30,69.09576429,18199.24885,13.39863936,110.5951188,0.6581984771,576.7422295,1.432927228,4.57,3.560151256,24630.18116,1.004402695
2020-11-29,64.053469,17724.44631,13.08407864,108.1770072,0.6093836549,537.754506,1.362728578,4.266324342,3.461008245,23382.83776,1.004562063
2020-11-28,60.84443833,17134.27687,12.5028863,104.5802555,0.6408485627,518.591003,1.449807555,4.120828152,3.311130801,23491.42129,1.003302994
2020-11-27,64.26941552,17163.33637,12.58527244,106.9138542,0.5936717078,519.5702444,1.441802724,4.328530529,3.435126861,23375.11421,1.005154506
2020-11-26,61.76886143,18726.00561,14.24677762,122.8745284,0.6434319281,570.2354495,1.230047645,4.815280088,3.673313362,22358.10727,1.002248485
2020-11-25,66.88417804,19173.91614,15.64733523,127.8602456,0.6882773381,605.214784,1.342551924,5.251200711,4.082561163,24728.59576,1.003962814
2020-11-24,72.33629085,18387.4944,15.28713628,125.6984582,0.7460528348,609.3899966,1.527703713,5.392735979,4.18821516,25256.95815,1.002455834
2020-11-23,68.72007855,18422.13267,14.5032277,117.0313523,0.7501907992,560.5251358,1.599520417,4.967535064,3.687949023,24483.48793,1.002322763
2020-11-22,70.49908434,18687.40743,15.44048485,127.3248933,0.8611748016,552.3352377,1.655083426,5.210518867,3.84550731,24473.75318,1.004404868
2020-11-21,75.0742953,18692.70382,14.09297343,116.3179583,0.8639646491,510.6280414,1.580534704,5.107566327,3.864573307,26547.4966,1.005567994
2020-11-20,76.24934622,17822.00482,13.62277469,113.4572628,0.8075363973,471.5080134,1.571326357,4.926969915,3.748580597,27819.94615,1.002823832
2020-11-19,75.50653453,17794.71387,13.57587274,114.314561,0.7606904664,479.1189108,1.144977888,4.893857798,3.463772005,25472.90516,1.000582785
2020-11-18,79.2731,17679.37723,13.40238419,122.7748939,0.8743428104,482.6111334,1.337921777,5.090953087,3.819369571,23957.4262,1.004821132
2020-11-17,73.0799,16716.6739,12.63311058,120.3739555,0.8230449034,460.9576947,1.331849547,4.380738428,3.567077601,18604.99028,1.005778307
2020-11-16,64.24528384,15970.31273,12.11687369,120.2851924,0.771530878,448.42459,1.2566489,4.098215948,3.845088737,17581.32064,1.007258373
2020-11-15,66.97806608,16072.50696,12.54745775,121.5912357,0.7055497885,461.2213407,1.050628269,4.255236145,3.815356852,17211.08258,1.007217409
2020-11-14,63.56925822,16327.52142,12.87756404,117.1723507,0.6913621646,476.8129864,0.9597901607,4.164067187,3.863348101,17905.72174,1.00758252
2020-11-13,51.69326698,16307.67758,12.41698536,104.3216808,0.570609623,462.9656521,0.6924122906,3.767025078,2.963208416,15432.83398,1.007257078
2020-11-12,54.6187052,15702.60371,12.77595037,103.2354418,0.5586087137,463.9301485,0.6833081691,3.963287666,2.93564143,16705.32251,1.008464236
2020-11-11,67.18567972,15307.81077,13.02083043,102.6837393,0.5733782902,451.1002267,0.6743465906,4.637052564,3.07880943,18283.32697,1.011574927
2020-11-10,55.10530842,15324.54917,12.50624279,94.81462776,0.4616695138,444.3602856,0.6028503686,4.16493517,2.67552762,14983.0019,1.007707151
2020-11-09,54.04839824,15484.83422,12.71320287,97.21077646,0.4805069154,454.8643926,0.641227466,4.417881384,2.86755724,15144.3799,1.009126559
2020-11-08,45.6184,14830.29278,11.77988552,94.48973577,0.4505331243,435.5674532,0.615129967,3.862419823,2.478671847,14236.10464,1.010340912
2020-11-07,38.59888672,15591.01446,12.18489223,95.76979887,0.4370780896,456.2799301,0.6173151575,3.520001084,2.574052304,11850.04196,1.00988873
2020-11-06,32.252,15605.68162,10.99693621,91.01701282,0.3641892007,417.1016895,0.5169755874,3.145000253,2.19362419,8483.016086,1.010072134
2020-11-05,27.76104448,14138.48573,10.49291281,88.7664235,0.3446945867,402.4422505,0.4907119534,2.715955019,1.930601011,8528.636706,1.009997025
2020-11-04,28.02635894,14013.41787,10.39559554,87.61450473,0.357491958,388.0137948,0.5254197044,2.580106072,2.137836216,9380.06015,1.010606776
2020-11-03,29.69513078,13559.95616,10.78259338,91.19419644,0.3613683343,383.5992794,0.5808193626,2.616694721,2.255484358,10121.39189,1.009785221
2020-11-02,30.73867828,13765.53175,11.58920305,94.04,0.4043204318,396.8608223,0.6078371193,2.909069164,2.3799,10700.59839,1.01032453
2020-11-01,29.69539187,13794.10252,11.23479962,90.76776987,0.4170319916,386.417613,0.6057140173,3.021460831,2.264451753,10497.15574,1.010263765
2020-10-31,31.30903724,13555.12408,11.09117874,92.22641532,0.3961767082,382.8184464,0.599650059,3.111214211,2.41442431,11035.22855,1.010134268
2020-10-30,29.13772484,13451.34259,11.2799243,96.88297907,0.4477486996,387.2253283,0.6440421749,3.199829865,2.536933024,10804.10831,1.008616459
2020-10-29,32.45597127,13279.36032,11.45136611,107.6318879,0.4963394436,388.7043588,0.6387384415,3.594319792,2.664622291,12554.71715,1.009234649
2020-10-28,34.94308981,13639.82792,11.93270451,108.8565018,0.6380158668,403.5310905,0.7025571926,3.546496451,2.809554962,13400.44549,1.007331861
2020-10-27,35.97933492,13067.17873,11.72457702,100.1907221,0.4112159675,393.3042667,0.6253576727,3.559816308,2.715682437,13630.216,1.005781878
2020-10-26,37.76452871,13030.51299,12.15793246,101.141948,0.33842971,406.0268399,0.6234039301,3.668225301,2.776234581,14302.0015,1.008488898
2020-10-25,39.62515806,13121.14997,12.7112653,105.2692465,0.3736261918,412.5342586,0.6568133385,3.774655555,2.94490345,14891.49743,1.007219288
2020-10-24,41.7515837,12940.41298,12.17077096,103.1061826,0.379197163,409.8442795,0.6647051342,3.794737003,3.014337343,14913.82692,1.008370797
2020-10-23,37.17028817,12980.80362,11.97922376,102.4115027,0.4092028062,414.3672356,0.6674189426,3.89346233,3.040114054,13747.62633,1.007807352
2020-10-22,35.21441189,12823.78283,10.8322168,95.48750701,0.3839252208,391.7748719,0.6659611865,3.527633594,2.944283059,13323.04173,1.009258317