Date,AAVE,BTC,LINK,COMP,CURVE,ETH,SUSHI,SYNTH,UNI,YFI,Total
2021-10-21,,,,,,,,,,,
2021-10-20,5061052967,1245221514980,27466146861,3227857705,4710117169,487712403928,2715114251,2349043343,27043209660,1320673184,1806827134048
2021-10-19,4857369272,1211781363656,25917435611,3067063196,4511078834,455004053479,2535374009,2222776101,26009620621,1270658667,1737176793446
2021-10-18,4705907207,1168109108621,25682087772,3052167621,4503052306,439834116103,2545535704,2222891401,25615440997,1240709417,1677511017149
2021-10-17,4863378223,1158348928965,26461438461,3102781702,4604628316,450421878525,2627693909,2252821380,25868452548,1271072037,1679823074065
2021-10-16,4883956108,1148296342323,27322326421,3175371256,4691270392,450439807179,2694968915,2311839990,27038267828,1290777535,1672144927945
2021-10-15,4820320244,1157932253824,26932760772,3170434304,4670064598,453346216117,2606521428,2306185545,25835060373,1319830964,1682939648170
2021-10-14,4846125598,1081333675898,26638347398,3140191159,4630510783,444515570439,2535417283,2338780801,26278112080,1292076891,1597548808331
2021-10-13,4747345667,1080622323471,25490020687,3041176094,4771488682,422325348966,2388821997,2216464756,24604701611,1266831784,1571474523716
2021-10-12,4530017660,1058842478838,24629402482,3054037222,4313056321,409830453620,2365677369,2172189590,23401679979,1276115541,1534415108623
2021-10-11,4629496623,1079388786986,25091788290,3012511320,4305856919,413134557003,2417343851,2243051789,24054841658,1295054305,1559573288746
2021-10-10,4632915634,1030579975221,25644738351,3057099151,4339954067,402843444549,2418131502,2272664764,24281350621,1200433220,1501270707080
2021-10-09,4916993223,1036359022484,27432259790,3310508279,4666292075,420178521566,2570598434,2397723543,25186607302,1247743605,1528266270300
2021-10-08,4908435383,1016011255922,26316681671,3124599920,4690526439,417952687404,2524222091,2364730682,24737567332,1267245917,1503897952761
2021-10-07,4893154088,1013552627932,26823377803,3153888988,4496136045,421256930633,2535633365,2423435382,25521108625,1178295093,1505834587954
2021-10-06,4982124164,1043919575657,26913350142,3069982420,4393419631,421152388380,2487283777,2417522082,25293648260,1179793719,1535809088232
2021-10-05,4931785864,971135174369,27306339798,3101805569,4674101889,413168709140,2532233678,2472633045,25700180115,1171576549,1456194540016
2021-10-04,4827432403,928335986047,26602799486,3133168007,4590305271,398046618131,2441004347,2429856803,25319068653,1128612784,1396854851933
2021-10-03,4965474378,907836753956,27570003285,3268908149,4539634339,401414274814,2544238419,2526290639,25988040233,1150871234,1381804489445
2021-10-02,5032160966,900066645699,27035964688,3385868377,4093470728,398268101900,2575924483,2578384659,26232233790,1177257750,1370446013041
2021-10-01,4814733264,905390548127,26224785701,3255028526,4041424206,387162707187,2537065978,2463330576,25493469426,1155921223,1362539014214
2021-09-30,4405242819,824440444029,23835216816,3123199122,3719820845,352188099031,2374249833,2253009575,23347799740,1067299065,1240754380875
2021-09-29,4223595507,780565646921,22791519851,2973432310,3642291688,333610250639,2226653042,2177754489,22896915283,1045200169,1176153259899
2021-09-28,4194819824,776198293483,22179358026,3212165658,3632877972,330345883436,2289506427,2203431196,23129077220,1040985479,1168426398721
2021-09-27,4402950954,800127083577,23197222656,3405835261,3802253929,346392415958,2370943432,2327905608,22518378272,1059722905,1209604712552
2021-09-26,4665033953,812031799027,24436795361,3497122903,4040978788,357649207971,2623993733,2442846085,23650307636,1110335616,1236148421072
2021-09-25,4397732977,804538656841,24507559153,3313507288,3686279699,344007346628,2234641102,2402819749,19491164884,1108872026,1209688580348
2021-09-24,4490966876,805781097473,23279331186,3409095859,3874512644,343986944435,2268192997,2479482837,19654657345,1068911725,1210293193378
2021-09-23,4917199810,844481693317,25293519638,3732123078,4450435651,369177096200,2485222342,2751313543,21465238704,1142647609,1279896489891
2021-09-22,4806557149,820271543076,24309199060,3458597424,3896754120,359330333453,2454747720,2550941736,21485084665,1115207166,1243678965569
2021-09-21,4302923326,762806301935,21327591597,3108443466,3473869923,322028447070,2139548443,2222642780,18954208274,997273552.2,1141361250367
2021-09-20,4640322385,806611150255,23453370886,3357597425,3823077712,347760335233,2403545387,2482390874,20763243159,1076554447,1216371587763
2021-09-19,5428116235,888680899051,27322792719,3915290314,4856004422,389329776114,2804201152,3000988712,23819772331,1207296157,1350365137208
2021-09-18,5673307897,907181161198,28332281962,4008647339,4577152983,401617577966,2953658784,2944757060,24440835851,1241154103,1382970535144
2021-09-17,5663778080,888499868900,27680557967,3995086956,4461653195,398246301953,2916694266,2982810536,24248884553,1216133658,1359911770064
2021-09-16,6150167228,899437280896,29885390437,4224118708,4954728509,418296142650,3480472489,3420580173,26258072260,1275076610,1397382029958
2021-09-15,6550103237,906356284523,30603081619,4423969112,4812199908,421011371924,3556477155,3534300991,27278217837,1336264917,1409462271223
2021-09-14,6127488785,884777283875,30461596285,4450983774,4439666727,400893751412,3046221038,3189470122,25623351622,1302263140,1364312076779
2021-09-13,5288315491,846512959971,27046308801,3838419475,3726958210,385616390090,2585593899,2980063426,22667091505,1203507240,1301465608107
2021-09-12,5346009970,868839735686,29405818700,4046881720,3833671642,400618902990,2765781262,2574538365,23761289150,1222540981,1342415170466
2021-09-11,5229728065,848441215860,26869646489,3957524342,3591044658,382013165498,2463557422,2525002357,22683106706,1205506770,1298979498170
2021-09-10,4987509835,842129122358,26273750242,3905497634,3383521730,375538447516,2351973510,2462800672,22221929256,1199102969,1284453655721
2021-09-09,5329083706,873759807786,28036470199,4123781650,3787201965,402324669638,2574969851,2642597025,23341559440,1264843013,1347184984274
2021-09-08,5300586031,868814300650,27240727450,4091075100,3149466772,411103501467,2646533940,2572849399,23243146222,1272817780,1349435004812
2021-09-07,5549753722,881308435815,28245252304,4127750327,3153110858,402324680475,2554374866,2513861920,24297787768,1268893987,1355343902041
2021-09-06,6542382655,990093469708,34799196334,5106143286,3950551925,460455788375,3179392787,3182107376,28928621206,1546207968,1537783861621
2021-09-05,6669763069,973242843767,33310549871,5105702197,3914381230,463465767080,3316681646,3023948185,29329988291,1574246716,1522953872053
2021-09-04,6376388127,938810353595,29933557839,4718419177,3591438981,455436640408,3054869481,2896437969,28676245083,1524079854,1475018430512
2021-09-03,6297086515,937651654079,30591240096,4645424459,3475998986,459217344641,3028361858,2897839454,28564166699,1474486481,1477843603267
2021-09-02,6406446421,928373472804,30083446376,4627379315,3495174194,444372235310,3063487635,2939048472,30035328299,1422087836,1454818106662
2021-09-01,6580123478,915521308402,29608946976,4791036966,3620004851,444585591008,3208545601,2911078860,31066046827,1463937295,1443356620265
2021-08-31,6307319456,887852829053,26686954688,4422087106,3534521706,402170978480,2803952050,2695788732,29482402485,1408712913,1367365546670
2021-08-30,5747817481,886052810980,25203120276,4221409262,3336673806,379477236554,2686081324,2605227925,26952042650,1329901759,1337612322018
2021-08-29,5844294496,920279421678,25793459195,4188162705,3344602488,378593685483,2705551691,2723639483,26819841332,1376153950,1371668812499
2021-08-28,5847976434,918429163463,25657793685,4131451858,3297805227,379954630881,2732637589,2784761340,26789470036,1393146540,1371018837053
2021-08-27,5961190155,922070878172,25946724423,4206977507,3433546860,383139679229,2833241162,2848199545,27340600719,1385527684,1379166565457
2021-08-26,5679563547,887096494654,24661763948,4107977469,3279764905,365625641614,2724768643,2710736513,25880283921,1340417874,1323107413088
2021-08-25,6144733733,921113698122,26529060417,4350119770,3473346740,378275071723,2854337416,2906797237,27083859368,1403456415,1374134480942
2021-08-24,6092502266,900831282246,25972569000,4264911207,3343517816,372975584329,2881147752,2876197639,26790008039,1368520752,1347396241046
2021-08-23,6543780160,932079739908,28573936967,4664457202,3722494282,389242305455,3201654819,3174554674,28847972068,1467425694,1401518321230
2021-08-22,6436415409,927741877823,28025670797,4593327714,3848232726,380225810421,3191644711,3151743358,28450315873,1450583933,1387115622766
2021-08-21,6418075222,922183481120,27977814907,4645846310,3499055556,378881606425,3188877211,3061613116,28343854744,1426872872,1379627097483
2021-08-20,6521330218,925337170100,28655391381,4790182914,3586322293,383944167876,3351448935,2923158532,28755317394,1450830994,1389315320636
2021-08-19,6444824192,876544383506,26891501181,4561883648,3347715262,371703071620,3239680666,2878880204,27878217242,1428606593,1324918764114
2021-08-18,6145685600,844697273128,25718840719,4409505320,3048722497,356137328949,2957547476,2676932149,26729430314,1375088973,1273896355126
2021-08-17,6150633360,840144904105,26211220225,4496299159,3031227034,353679038830,2918686356,2629968992,26445374453,1391202950,1267098555463
2021-08-16,6633021166,863969541716,27986326675,4713465690,3337909252,369714840403,2925273400,2827915114,29208049652,1445018348,1312761361416
2021-08-15,6576829631,884394736774,27810323131,4895187350,3486998351,387593768366,2912137724,3000329134,30236880504,1462013238,1352369204204
2021-08-14,6630559520,885277380213,27164296941,4739592366,3548309812,382678100681,2819788457,3020279992,30198278425,1455388372,1347531974778
2021-08-13,6821203485,896373859155,27620239604,4828517134,3694522384,388209536122,2903525448,2816259384,30449105938,1468613149,1365185381803
2021-08-12,6238051674,834123407129,24778463528,4506732785,3175476535,355592901974,2766301019,2400715490,27902019450,1351434876,1262835504461
2021-08-11,6455760029,857947004307,25932874335,4690271508,3202026576,370840280361,2606114137,2491358051,29003938387,1381701964,1304551329657
2021-08-10,6153087270,854382704550,24531546282,4721767536,3208024835,367673688997,2365567541,2371598748,28834269085,1277711523,1295519966366
2021-08-09,5994620734,868926021044,24227503173,4698325531,2933162547,369583976448,2261319434,2357800371,28387123501,1243023863,1310612876647
2021-08-08,5812672126,825812457039,23222513627,4702325774,2765034974,354235287499,2177738309,2259439280,26820207597,1207235152,1249014911378
2021-08-07,6122722758,835395295482,24604612770,5049730022,2974549052,367783120371,2369232236,2452120661,28142329554,1266191875,1276159904783
2021-08-06,5923521500,803528296774,23850898972,4673954127,3020788694,337879965081,2266607990,2363551641,26221749923,1212425913,1210941760615
2021-08-05,5990694675,768772119139,24085116019,4769744373,2780665204,330541672607,2209626398,2454033695,25395694408,1209213171,1168208579689
2021-08-04,5422498889,746805401842,24233292701,4639061099,2540037395,319096168563,2018756618,2239036037,23509600230,1213199255,1131717052627
2021-08-03,4948301935,718888492619,23995329692,3978064593,2452027415,293911495299,1864567760,2098831745,21381224713,1170206549,1074688542320
2021-08-02,5153710575,737910797087,23639899727,4098963780,2547024925,306289428165,1933705660,2214373511,22507903992,1178787818,1107474595241
2021-08-01,5082908363,750355941541,22203360576,4105790934,2597195353,299787745277,1960400915,2202774980,22054012700,1168395423,1111518526062
2021-07-31,5307012745,784564984126,22904278621,4077921484,2684246858,297490271906,2054060768,2353093756,21885227116,1223452578,1144544549958
2021-07-30,5113921617,784455260094,22282726082,4022999301,2639496781,286576130440,1928549625,2212115525,20891894646,1144998591,1131268092703
2021-07-29,4999012925,752436348341,19349392176,3978625695,2525516429,278729615160,1875652391,2291061517,19592030158,1130884090,1086908138882
2021-07-28,4741421366,749637705826,19017679026,3876286459,2383018053,268480042760,1864686371,2097740331,19008970244,1093245114,1072200795549
2021-07-27,4766758535,734346228533,19342786904,3901117774,2429889604,267187444120,1863063693,2143475178,18749455224,1082983471,1055813203036
2021-07-26,4879829965,702742383038,18138914821,3929381919,2392970745,261890858034,1920305173,2179904277,18680098367,1103762918,1017858409258
2021-07-25,4592601888,659078087900,16633933882,3901455798,2359213035,255585173010,1893203182,1933641180,18164485035,1094678138,965236473047
2021-07-24,4594434063,641160519676,16654308907,4081551894,2399619188,254608915572,1844813999,1979517679,18261297491,1080178600,946665157069
2021-07-23,4612784495,627479802971,16438347582,4165930452,2487092419,246797201634,1952246873,2012262444,18522167403,1075519139,925543355412
2021-07-22,4452911645,606199143137,16032478484,4132120654,2384439893,236047535540,1843060549,1968548138,17535971315,1043919250,891640128606
2021-07-21,4115634612,602653902984,15203618560,3741697330,2227197558,231882710999,1599631751,1929367716,16616535236,1031181915,881001478660
2021-07-20,3578655731,558478126515,13761308693,3501492419,1988035778,208482568410,1442668466,1746525524,14580645248,944874011.7,808504900796
2021-07-19,3830186711,579408058603,14595401460,3426123765,2090697142,212764576341,1526252840,1896884051,15782767062,988499724.3,836309447701
2021-07-18,4076344283,594837912850,15503734415,3788303023,2189878127,220968609701,1618691986,2058046802,16343810990,1024955925,862410288102
2021-07-17,4049137609,591812552914,15373358093,3794404643,2211712700,221442813164,1696707037,2038448824,16096332286,1015364294,859530831564
2021-07-16,4069365607,590054215681,15260113759,3706262525,2204228163,219216540896,1452755097,2054590228,16355432359,1012816090,855386320404
2021-07-15,4338046321,594751052035,15714720842,3973314699,2325108963,223249227609,1528470685,2206593460,17000178530,1100210222,866186923367
2021-07-14,4459731121,615181434967,16919258391,4099454146,2474190213,232508733984,1620524219,2408117843,17838650199,1155688480,898665783562
2021-07-13,4328744854,612214949439,16859329214,3852712117,2475702851,226321088203,1625670031,2527397476,18422010492,1183267886,889810872562
2021-07-12,4755650160,621438096853,17552222376,4135554897,2590450650,237191349520,1740973335,2794170258,19577619564,1205312375,912981399989
2021-07-11,4874624544,642476387838,18337689289,4347292510,2717375262,249665391736,1858549370,2863985192,20627507797,1237510354,949006313892
2021-07-10,4735088192,630307119098,18255170988,4226742101,2672759643,246939029181,1825328509,2550101866,20287108908,1219737107,933018185594
2021-07-09,4875412397,635972699232,18703150370,4347499032,2742498023,251191962353,1919791023,2656257733,21071816951,1232445996,944713533111
2021-07-08,4687995296,615408206333,18431655746,4156482591,2701852680,247099281706,1802060139,2217008453,20382638280,1211705471,918098886696
2021-07-07,5026931917,636229302845,19853562113,4382165104,2996166441,270176059761,1997738281,2466869562,22353266988,1301674912,966783737923
2021-07-06,5089343460,639809939900,19992207999,4803099622,3018334471,270264802748,2025687862,2599973229,22323339632,1313655970,971240384893
2021-07-05,4984898924,635800664839,18499029257,4965965384,2790025408,258637344501,1843208024,2480340185,20265775288,1199243806,951466495615
2021-07-04,4452044579,662841855840,19313562553,4453522706,2835853942,271112949444,1806426124,1974535765,20833490889,1228406961,990852648804
2021-07-03,4119818098,648430198161,18445044621,3763377560,2697915831,258259687590,1715695622,1667989682,19247145729,1192187641,959539060535
2021-07-02,3738940090,633306719050,18245430409,3641025951,2552974535,250550076893,1679027064,1581018624,18177201529,1175362075,934647776220
2021-07-01,3707446260,628078911133,18272373431,3334885577,2617653953,246391271339,1679448227,1576775164,17875894597,1177989285,924712648966
2021-06-30,3986589868,657308520166,19467950281,3330755726,2788600786,264738144361,1839525459,1674681780,19126849022,1238554464,975500171913
2021-06-29,3815723146,673565423656,19548825576,3114681095,2759420020,252792612801,1798755262,1650296059,18616121178,1232343837,978894202631
2021-06-28,3616336257,644349642813,18750962272,3089186894,2464253386,242197380799,1709079160,1606738843,17669954428,1148857842,936602392696
2021-06-27,3214557227,646773066239,18224392034,2552272599,2425807751,228803813670,1604155298,1450421131,16995260188,1099125638,923142871776
2021-06-26,2948569488,597731932924,16732908355,2222042235,2261745099,209848247781,1519999363,1349057547,15906165673,1037094496,851557762962
2021-06-25,3017137212,593831228445,17076283046,2249475910,2239235943,211672079716,1429714968,1342117643,16006980011,1042107090,849906359985
2021-06-24,3372873278,649575438469,19007800888,2564972120,2561170372,231303298204,1589086263,1509591076,18033610038,1147856747,930665697454
2021-06-23,3304287664,629902934905,18224503441,2410164034,2296175027,228418205200,1583302486,1513668312,17723719063,1130401543,906507361674
2021-06-22,3278214274,607094219838,16723399324,2338608618,2130177901,217393580268,1524734789,1441828821,16308783184,1042219942,869275766959
2021-06-21,3436542766,594343881161,17515770429,2242633646,2247135227,221182330319,1500096481,1518689793,15994930634,1085061616,861067072073
2021-06-20,4371454676,667121552365,21665271008,2928701879,2928695477,260988781493,1901510411,1935940928,20720957166,1320928142,985883793544
2021-06-19,4095292634,666274332005,20452158462,2744233426,2855227480,253056673734,1690333708,1856781985,19899855121,1224935713,974149824269
2021-06-18,4222377588,669218352696,21208111339,2770792668,2918339643,258823913749,1750977039,1896980481,20341566509,1243412230,984394823941
2021-06-17,4675262824,712367675979,23311246105,3062532280,3181334215,275524740650,1894324367,2054152806,22108003603,1328981033,1049508253862
2021-06-16,4624365556,716962840858,23010656828,3036186477,3136385168,274633215966,1894251519,2050719147,21737614599,1330017559,1052416253676
2021-06-15,5011547756,754200836377,24698806785,3270353725,3434722437,296902728100,2050300073,2225253747,23532523393,1432406804,1116759479196
2021-06-14,5070175505,757932558315,24834647780,3365499054,3453693219,299694443405,2067983343,2279699787,24078709745,1442113717,1124219523869
2021-06-13,5049007495,729231971944,23308877490,3226555751,3360937776,291241153549,1938553267,2077658124,23201072404,1410563098,1084046350898
2021-06-12,4482820329,668199727377,21811223363,2986803092,3192917851,276812954831,1773040218,1936723641,21406341136,1338088768,1003940640606
2021-06-11,4538908381,696572821849,21314213252,2964799682,3256960300,272618146270,1891765792,1968005223,21779913624,1342470494,1028248004867
2021-06-10,4988359918,689816389289,23220696229,3292042937,3460485919,288435863801,2114175919,2274080381,23661065316,1391923853,1042655083563
2021-06-09,5390974120,700034858091,25518219711,3627215525,3807350072,302843881011,2320750030,2475394402,25103696233,1477451289,1072599790484
2021-06-08,5302712720,626996036535,24199877357,3501130880,3557587708,292747938419,2262234324,2384421112,23505634220,1460349116,985917922392
2021-06-07,5394990737,631644548545,24609532055,3454013330,3277265376,302137965637,2302373507,2472171316,24214949668,1482732549,1000990542721
2021-06-06,5829752611,668992893682,27396819615,3870051453,3703620058,314411835453,2564606307,2700006375,25801626010,1573195210,1056844406775
2021-06-05,5668262199,663134442423,26988425387,3849688199,3791829820,302626740404,2553093489,2631157713,25460913871,1538061779,1038242615282
2021-06-04,5989882473,690723752476,28906325030,4023825655,4067730340,312384988909,2653842060,2774014183,26512989410,1563253832,1079600604368
2021-06-03,6375874054,733309551806,32249076716,4504052367,3793253345,332014613003,2931852122,3063357272,28607048797,1683992338,1148532671819
2021-06-02,6176683604,704798573852,30798370672,4364017923,3549775709,315085942975,2801971061,2923799576,27713665406,1662970960,1099875771737
2021-06-01,5957047783,686446041529,30743084693,4264173933,3098763074,304951619937,2671536593,2874433913,27340500765,1649632454,1069996834674
2021-05-31,6125343484,698613395866,31888190399,4341928718,2942634648,313393461759,2768161835,3003530614,28228022416,1720644586,1093025314324
2021-05-30,5197629058,667486590030,26905041813,4054466843,2525335113,277658738970,2407447508,2665129480,25699902486,1534364793,1016134646094
2021-05-29,4781177067,649288294161,25387049990,3545828003,2581083843,265687460592,2242740443,2484379484,23183923171,1442127082,980624063835
2021-05-28,5107983761,666390584725,27902274645,3755866433,2386762228,280332334755,2343344496,2694364877,25881347436,1496180801,1018291044159
2021-05-27,5972453613,720916265383,31601276347,4223499162,2645214629,318341504471,2680746166,3026056674,28449642909,1715181240,1119571840595
2021-05-26,6515872656,733691994945,33522858888,4602033769,2864455532,332881080274,2936555817,3242669249,29056516045,1817982771,1151132019944
2021-05-25,5994085931,716346014296,27389549684,4236534364,2415316667,312870946559,2683440479,3087362000,25247239238,1716499739,1101986988957
2021-05-24,6143662723,723066857297,25982625738,4207805601,2423297862,304665762381,2630905626,3130788018,24607000605,1758511833,1098617217684
2021-05-23,4696722085,650860805398,20066366864,3419646291,1988005893,244245212792,1979003560,2667517974,16861020375,1199144757,947983445989
2021-05-22,5433126620,704535197247,23511622450,3897855245,2477740326,269181825830,2469010580,3403667899,20618961075,1424451699,1036953458973
2021-05-21,5921204358,695728769938,25365204646,4449217949,2738255692,279952270727,2759978568,3656051364,21735949783,1596899508,1043903802532
2021-05-20,7525886593,763545013579,30524709201,5472776575,3315235925,322121691626,3330428977,3682081710,26473677128,1896119711,1167887621026
2021-05-19,6919270743,704438836807,27953248131,4932992095,3079094541,294003686332,3045207265,3404273072,24453693609,1745043949,1073975346543
2021-05-18,10034800569,800731332067,42331871459,6641355816,5219267298,390482238054,4679680008,5172238143,34868156189,2664683282,1302825622884
2021-05-17,9211603508,813851735267,36988003715,6963835724,4611807554,380211788104,3568454583,4588816106,33324143442,2354603964,1295674791968
2021-05-16,8339890929,861161597489,40527226540,6834257757,4882088685,413294498968,3612209759,4244741782,36379291980,2399069941,1381674873829
2021-05-15,8322698999,880310927346,41578704970,6931276869,4824970747,425618801172,3590362410,4356671704,36799022820,2456546756,1414789983793
2021-05-14,9564491589,935459104299,46584508118,7775412742,5480343062,473554590654,4096389068,4799973840,40349725498,2859337503,1530523876375
2021-05-13,8075707996,923653159148,42687067886,7589605984,4975481850,427206186463,3212201834,4132595803,36916651258,2399080792,1460847739013
2021-05-12,8618346177,953606762907,42937176384,7655249117,5360503372,460560266540,3510884875,4248542377,38308461708,2598850789,1527405044246
2021-05-11,7322346164,1059056066491,48612838942,8591713537,4961780804,481388600304,3327839881,4138307734,38418074528,2953619258,1658771187643
2021-05-10,6967385195,1045729267184,46802530523,7767168043,4618390422,457995692214,3036521062,3680243983,36486478468,2226948453,1615310625547
2021-05-09,7341681354,1090287204599,51746697770,7692871001,5151755708,453517845754,3407051732,4000824994,39444195306,1952884393,1664543012611
2021-05-08,7453065982,1098593174226,48389728244,7813079498,5334138026,450070687070,3556555236,4140383001,40391497341,1982298737,1667724607362
2021-05-07,7109026896,1072438910565,49108659800,7122118755,5414673140,403226735702,3442428045,4204441779,39629686300,1964732358,1593661413341
2021-05-06,7250245528,1057159380528,47409039222,7414998135,4866033583,405253435916,3601132123,4164834156,40374075503,1937604300,1579430778995
2021-05-05,7697589001,1072334244436,49569773368,7879208812,4623481250,408144295381,3139689716,3970596558,42413874411,2004565658,1601777318590
2021-05-04,7299642747,1004624064123,46195652070,7493663501,4291202270,379041514763,2805740631,3750447193,43543116958,1871770585,1500916814840
2021-05-03,8271848409,1070362250436,42023683364,8286152554,4843273937,397022679802,3144151094,4240499584,42412962339,1961900198,1582569401716
2021-05-02,7703103247,1057763322366,39463489295,8116948251,4854272863,341644766468,3025425311,3885600393,42501630920,1772380737,1510730939852
2021-05-01,8025261780,1081834705465,41101453618,8088673665,5062872664,341239720548,3220560525,4077121345,40097702436,1828580632,1534576652679
2021-04-30,7073767642,1079500865487,38008445602,7412994153,4942373023,320488373921,3119668385,4079377765,40367673296,1789673021,1506783212296
2021-04-29,7028744976,1001410824175,36329314152,6450865159,4490489326,319319623405,3061397701,3984852050,41289949214,1718476465,1425084536622
2021-04-28,7360979063,1024181924009,36147719486,6465984988,4506083451,316937218931,3087092014,3765006623,42496437950,1762734122,1446711180637
2021-04-27,7013308307,1028613088872,36700068312,6531496072,4643230764,306042981829,3077498570,3823347560,39448920382,1780317433,1437674258101
2021-04-26,6447924524,1008308106916,34841968905,6412127145,4116499091,292097657822,2611714786,3602868541,38006552761,1648382026,1398093802515
2021-04-25,5545779267,914880447464,31484344936,5510183869,3504294234,265990952571,2353932863,3148937284,33651920555,1455695283,1267526488325
2021-04-24,5176792531,939751744133,31573420505,5740573732,3540719493,258564440020,2338427104,3108459279,30545481807,1455455102,1281795513707
2021-04-23,5478491469,952320874674,34927413119,6199473374,3895421390,272467575525,2539715601,3321575509,32754314037,1579178343,1315484033041
2021-04-22,5844338348,969605047752,35746940137,5395611156,4147054135,279668865673,2686315631,3473870015,34614961684,1685274105,1342868278636
2021-04-21,5640774817,1009620339155,36454942879,4922248493,4283766206,273198256978,2694928436,3569023492,33496521481,1675944082,1375556746018
2021-04-20,5765451585,1055343018462,38942180160,4847713243,4481313631,269065183034,2724620428,3756334382,31979498948,1796069784,1418701383657
2021-04-19,5559408230,1042661468498,36027867122,4780501254,4211989356,250560894838,2644735249,3598469222,31568477246,1734816409,1383348627426
2021-04-18,6128227794,1053678758609,39291497608,4887208726,4800308724,259179988022,3035058540,4040112967,31909735646,1943959511,1408894856146
2021-04-17,6865591416,1126344072578,40487669732,5413569583,5697042786,270548139871,3437746067,4576500732,34994529135,1807595836,1500172457736
2021-04-16,7097635441,1150416986978,41974282623,5653595930,5854140135,280471732562,3500590534,4679214840,36331255610,1940866008,1537920300662
2021-04-15,7505353760,1181393313260,42818019634,5667666470,5924651203,290974868302,3779585600,4952600624,37880895482,1845416180,1582742370515
2021-04-14,6861226309,1174568449691,41359471644,4850355148,4697697909,280631198940,3757913907,4459172606,36080164135,1731486457,1558997136746
2021-04-13,6370739772,1185278789468,35565154142,4851938650,4611209745,265311012016,3389652628,4270930674,35376228494,1645196612,1546670852201
2021-04-12,6349575837,1119097619042,33142140433,4640014408,4477119182,247378816146,3443915686,4374731171,36891038663,1578546405,1461373516973
2021-04-11,5902257169,1119547961331,33779366595,4591866417,4566986844,247527882407,3017863843,4247111509,29860222562,1652957865,1454694476541
2021-04-10,5868116920,1114237875676,31805880022,4496956251,4343059047,245861629814,3083097617,4228443265,29696559802,1635514437,1445257132851
2021-04-09,5740466359,1084298143058,31539951442,4522195290,4359940931,238431251147,3085480042,4318654732,29504812094,1672444029,1407473339124
2021-04-08,5926996946,1082591596128,32709934849,4555554720,4512106604,239845561944,3071206107,4445792687,30218880561,1735858591,1409613489137
2021-04-07,5615735529,1050858458013,31500701169,4473392523,4294571686,229069882928,2980218426,4348253932,28761233240,1609731769,1363512179217
2021-04-06,6148004784,1084740698497,34702530397,4834255359,4657221838,244213705738,3257694780,4913048749,31321716030,1522014980,1420310891153
2021-04-05,6335863149,1097233663848,32240840105,5099801838,4842745707,242181026437,3192607339,4593911997,30704613471,1409311998,1427834385890
2021-04-04,6463469736,1086837744784,30745150004,5485351116,4560004380,239600021274,3232964641,4596760051,31052837268,1383334313,1413957637567
2021-04-03,6140089427,1069609423124,29607012773,4815246273,4337046723,233546432256,3157829183,4338286451,29768255546,1324656585,1386644278340
2021-04-02,6716282059,1102222111989,32395705259,4878641927,4923552802,246078442166,3465310978,4732998326,30083999044,1445752336,1436942796887
2021-04-01,6142561461,1098201835462,30119504057,4516086495,4876072968,227276354248,3133542015,4241616145,28742296365,1344498052,1408594367267
2021-03-31,6109540641,1097648506571,29072347178,3980353302,4551867893,220982847396,3077102376,3917111778,28102703774,1324318467,1398766699377
2021-03-30,6022101330,1095581166693,27776199031,4021551790,4792285295,212195947097,3243595280,3895739423,28538938875,1301010556,1387368535368
2021-03-29,5761657369,1074744167037,27996995498,4059257557,5148837397,208744323030,3316244337,3920955645,28961193523,1299062440,1363952693831
2021-03-28,5499863337,1040002658248,26646403477,3619272074,4405651319,194201482642,3193355148,3656012909,27839944682,1194374318,1310259018154
2021-03-27,5611879661,1045674049178,26928590821,3632004929,4548184599,197976262838,3369985453,3801721437,28297043581,1200421116,1321040143613
2021-03-26,5735400086,1023183245013,27353073904,3678850788,3825854676,195366502669,3473414967,3878647797,28794063216,1216164900,1296505218015
2021-03-25,5223160862,962090739266,25633160976,3605262161,3497490180,183047211491,3077521151,3579229595,26530135907,1166059079,1217449970667
2021-03-24,4938350292,981605643202,24958778152,3462658775,3695576953,182789588504,3094398982,3552956913,27422201081,1138309626,1236658462479
2021-03-23,5311085562,1018286990170,26921820148,3611513047,4276027923,192542945083,3405016040,3872291884,30915816142,1239633892,1290383139890
2021-03-22,5416750919,1016170477566,27480373986,3799886669,3472598118,194519667400,3604947245,4014974880,33034431961,1228573950,1292742682693
2021-03-21,5864825907,1072003269491,29274202021,4027315324,3787368155,205506291532,3897109226,4326024021,32832039250,1298338555,1362816783482
2021-03-20,5942628124,1086873922162,29785765583,4168648451,3951436655,208708414793,4041304740,4397296680,32108622239,1291241993,1381269281420
2021-03-19,5927177306,1085329605069,29895756505,4392240680,3956315452,208410812273,4181615359,4394115411,33131942880,1322418214,1380941999149
2021-03-18,5824678859,1077129119414,29510477736,4309776842,3798276519,205079460267,4092660501,4118011808,30120033750,1313132299,1365295627995
2021-03-17,6109694233,1094827655431,30893360304,4376712263,3548737769,209339375192,4114732490,4219148482,31458317756,1289344416,1390177078337
2021-03-16,5920358129,1054059319177,27785904680,4301500901,3752113222,206792698649,4153555807,4116566814,29704711093,1274523669,1341861252140
2021-03-15,5947565455,1046930473231,27681564935,4341928278,3282420271,206762944415,4101713426,4189973792,29920475550,1276791720,1334435851074
2021-03-14,6210654798,1117474232904,29127907044,4456637881,3145265627,215625919208,4354119402,4365276674,31126044551,1333357975,1417219416064
2021-03-13,6652173954,1143215732519,29832299066,4634545827,3411017968,221704120650,4756168962,4523063068,32439661650,1403535609,1452572319274
2021-03-12,5973844429,1069407948748,28235152921,4354011013,2968420379,203422969375,3951079131,4283458157,30979475090,1315940037,1354892299279
2021-03-11,6488288978,1078915001903,30093697985,4656940171,3147724066,210208905598,3818171189,4585180866,31063194789,1390811284,1374367916826
2021-03-10,6544052730,1046579658341,29792539287,4609584337,3224682875,207391287847,3678681254,4780194448,31067428778,1391523170,1339059633067
2021-03-09,7125128810,1020849011793,31460506770,4985078150,3490049774,214105373575,4011646129,4964525624,32796916532,1427223127,1325215460285
2021-03-08,6917725158,971370359589,31543738065,4764113512,3423707994,209952415373,3512837097,4779059694,33278787620,1456488289,1270999232391
2021-03-07,6573340566,952634973107,28444026483,4881159817,3222025946,197631272543,3605444533,4745783748,34368960545,1418168508,1237525155796
2021-03-06,6201821379,913133225105,28272402569,4935690243,2966934676,190789331553,3368875209,4681210837,28339751843,1248235614,1183937479029
2021-03-05,5884565053,909922405336,27835688954,4756639393,2975244480,175940831397,3371879154,4580150604,28079634017,1171548595,1164518586983
2021-03-04,5994207817,903761087528,27703592524,4701016498,3005276134,176745451098,3503024933,4725034984,28501975197,1184857537,1159825524251
2021-03-03,6375428818,945068375223,30146396987,4958123611,3336962169,182015174258,3562832104,4998585718,25578424483,1248228917,1207288532288
2021-03-02,6278205713,900542565669,28437620311,4992150440,3611187298,171172699838,3601593675,4895509666,25550136402,1221572391,1150303241403
2021-03-01,6095401355,925288521256,27584149434,4917898026,2859740566,179579378092,3724938598,4515241971,25300703259,1270867219,1181136839778
2021-02-28,5712591193,845557162612,24859410869,4036017380,2566375663,163724417568,3059397221,4135943269,22416989605,1134145561,1077202450941
2021-02-27,5317475897,854375146984,26060819531,3974156793,2830682912,166995249129,3252880030,4118508694,23117394324,1149389685,1091191703978
2021-02-26,5160281335,861734772437,25102950690,3968292088,2775299027,165628679949,3081684473,3941210487,22994677564,1137382400,1095525230452
2021-02-25,5484464425,886602532433,25187086922,4011761112,2938015692,171253830547,2925168922,4088262799,23959823957,1176977807,1127627924616
2021-02-24,5860083475,923816728819,27996879639,4344626528,3103829674,185596249567,2873340426,4171318387,25174986526,1232073599,1184170116640
2021-02-23,5775049584,905003103158,25666355919,3797930497,3043827043,179430822925,2875142523,3943809821,24441653982,1208837988,1155186533440
2021-02-22,6381099304,1005442646563,31314660671,4215474829,3683159287,203303010202,3244879170,4558165441,27454017825,1438762046,1291035875337
2021-02-21,6970087506,1071525228027,34061263557,4534509793,4181553907,221949106743,3404708198,4996391436,28854823212,1579185978,1382056858356
2021-02-20,7079944166,1040935228534,34004495810,4520955388,4161719357,219503785858,3591953973,5053718248,28692230401,1552827056,1349096858791
2021-02-19,6733094871,1040114403937,34782862477,4508612980,3782526222,225010994525,2828908744,4847516541,19911948418,1645803327,1344166672042
2021-02-18,7051025716,962356492673,32433530968,4565668792,4016953925,221701456778,3088758822,5053529602,21127122804,1619589247,1263014129328
2021-02-17,7179296334,973022997734,32206347206,4708944228,4025956954,211675637555,3176761400,5272481843,21477635799,1604733275,1264350792329
2021-02-16,6904135164,915511120381,31899748444,4548631166,3823591709,204238551213,3221156592,5221206412,20381371767,1569484906,1197318997755
2021-02-15,7306761931,896282713833,32861889023,4629876177,3931896735,205007146440,3399784970,5369762898,20185595840,1487540176,1180462968024
2021-02-14,7588137172,909642134134,33493246930,4741392997,4311077232,207739316639,2955401766,5518917497,21055961625,1607197510,1198652783503
2021-02-13,7946991289,879397542244,34027815653,5147673212,4745502837,208614261139,3146269249,5783932339,21927900470,1733538687,1172471427118
2021-02-12,8501013495,885248328501,30822214818,5354450191,4883355295,211690130588,3263943170,5935551567,22847094751,1740987604,1180287069980
2021-02-11,8308485280,892053672306,27762717922,5030927635,5040068928,204687225104,3346941092,5718587988,21645408617,1614422200,1175208457072
2021-02-10,8471534593,839590396720,26858764460,4783086488,4437106169,200379577036,2926531717,5447639256,20759142396,1329986604,1114983765440
2021-02-09,7854599328,866928505326,27694364299,4849786411,4574250519,202948336894,2807094320,5386599195,19572709092,1287851921,1143904097306
2021-02-08,7765139164,858949072827,25433528563,4536346274,4387654446,199797411768,2720724307,4615921413,19141265597,1195665110,1128542729468
2021-02-07,7645383590,726330767435,24826282112,4583906122,4278131117,185164848138,2547238835,4354306720,18614612606,1134417934,979479894609
2021-02-06,7527453783,732600102916,25079688501,4643137518,4495533138,192894884443,2682376523,4541988758,19307571729,1160510639,994933247949
2021-02-05,8066915116,708423060289,26524258575,5349925893,4658109694,197084267481,2899095337,5051105519,21224299778,1193355099,980474392781
2021-02-04,7594728827,691323581112,24773690005,4628403256,4392962559,184223563748,2991513054,4284460962,20228543675,940234065.4,945381681264
2021-02-03,6100620176,699649284858,25008205361,3857890648,3740313191,190056477126,2751623185,3729742611,19783403133,1016635872,955694196161
2021-02-02,4858045463,662710063273,23856969032,3572065857,3579178649,174534674320,2451708240,3724469606,19147480601,956608857.7,899391263897
2021-02-01,4738828102,624961266006,22949898272,3626243255,3621373217,156856948666,2473716453,3787877291,20446357892,929692887.7,844392202042
2021-01-31,4816653886,617258425468,22596227213,3450874152,3584299888,150815561452,1964718505,3761990378,17794533499,907438555,826950722993
2021-01-30,5008565666,639419076069,23597177906,3372219298,3573300013,157954411487,1934594984,3837185471,19286345325,934188085.6,858917064305
2021-01-29,4608350063,635969224451,22806836941,2898742712,2907312700,158341268101,1678044514,3680334813,15427464665,899938026.7,849217516988
2021-01-28,4805333636,623747780661,23313494719,2569269038,2980920604,153557928476,1577300903,3734406045,14308107827,902204505.2,831496746415
2021-01-27,4586440019,565045318371,20979212222,2212135994,2566402139,142573130898,1346838630,3309865112,14960983808,833082370.1,758413409562
2021-01-26,4441853289,607483795108,23141486694,2384620270,3015564604,155818614849,1533626200,3631709518,13810183896,910624098,816172078526
2021-01-25,4001311758,603339325091,23650480497,2142446656,2854352744,151654004736,1453359917,3372071945,11402633458,886745332.4,804756732135
2021-01-24,4294912485,599522055193,24541856550,2493509725,3249993029,158685061826,1572376330,3761897909,11985038093,966598260.6,811073299399
2021-01-23,3395615262,596147845573,24726422276,2067463859,3049881020,140998781192,1331845460,3165947212,9327131366,915945097.4,785126878316
2021-01-22,3065284874,613796635287,21684281783,2002739789,2807195590,141280587718,1272222918,3091058436,8729129945,927787813.4,798656924153
2021-01-21,2588691620,577233663033,18646728251,1792900321,2389542199,129522802837,1045863195,2696526871,7673281967,850078879.8,744440079173
2021-01-20,3140367189,660796011361,21760155840,2122288749,2299683584,156391181644,1331923373,3361748381,8978071368,1014220769,861195652256
2021-01-19,3012616048,674433161170,20879759495,2137161597,1907888325,158460357576,1216851760,3320408830,8723414720,1047342830,875138962352
2021-01-18,3165336202,680801989756,21899055089,2254761795,2201148850,143132315959,1360474945,3329430518,9124193045,1135241518,868403947676
2021-01-17,3019031351,671014140603,23306589144,2172350384,2404717007,141960155406,1298967947,3399232447,8750660209,1044320455,858370164954
2021-01-16,2919491108,672980587612,20388078436,2081331623,1557989664,140738946368,1305158556,3361698227,8391397398,1010643339,854735322331
2021-01-15,2628028396,682862938505,20668722131,2035757472,1641357425,133424788845,1164266627,3230314734,7321307510,907443396.2,855884925040
2021-01-14,2323554468,726263096561,17708188016,2119511194,1069363122,138547152633,1006788716,3139894284,6736792014,965924402.4,899880265412
2021-01-13,2339328798,693697236158,15981562129,2117090968,969506348.3,128855595818,937537229.7,3361011604,6312246666,995875097.6,855566990817
2021-01-12,2010792825,627003122629,13842608173,1823427783,871673076.4,118664002991,769235471,3094339554,5531798008,880320849.9,774491321361
2021-01-11,1829805629,655929285013,14464356747,1670619764,868897151.4,123682853355,697589787.6,2737968169,5197197671,894200656.7,807972773946
2021-01-10,2044401461,712797906123,16234920489,1956659189,1069050823,144513203475,805317905.8,3064020944,6011646974,1023774325,889520901709
2021-01-09,1899020658,750719944876,17752498123,1822535070,1088934715,146954951913,855597856.9,2866425572,6291905181,1086845394,931338659358
2021-01-08,1773534579,758210602559,15291866275,1654338248,975439587.8,139277828933,774716803.7,2527401828,5897581961,1055424425,927438735199
2021-01-07,1838813349,729171021092,15889437187,1727297055,1006375965,139299256155,713327413.1,2490066282,6251990201,979505471,899367090170
2021-01-06,1843611795,681302148777,17094728965,1821594523,1029710728,136901660530,695339884,2587181982,6359754728,744684983.1,850380416895
2021-01-05,1919471899,632363459586,14589233728,1623390778,970454571.8,125724108124,697168204.2,2689596938,6352674735,713682505.7,787643241069
2021-01-04,1770887379,591225447116,13516011275,1482803549,936308798.6,117579118449,628020800.3,2383752449,5330531569,695786767.4,735548668153
2021-01-03,1502455321,618623608665,13804014050,1480408247,949362069,113006333890,628661980.2,2039996303,5502748607,718309127,758255898259
2021-01-02,1370873238,595259096892,12138653062,1366338482,857126787.8,88455317489,570482817.9,1744480134,4849113730,645219770.4,707256702403
2021-01-01,1435702507,546120334521,11868391497,1454601499,881372426.3,83381651193,587508907.9,1809636540,4747146726,659181029.3,652945526847
2020-12-31,1413507724,539438485763,11240956171,1504932561,883419168.6,84297000630,509463284.4,1550171666,5151001088,685191860.4,646674129917
2020-12-30,1301808740,536099036612,11280046451,1573011712,812985010.2,85676429225,463763815.2,1558516949,4137206226,656392168.4,643559196909
2020-12-29,1242683514,506083309590,11687333271,1399297003,662303160.6,83468527573,441340320.5,1657167481,3667647365,666150587.5,610975759866
2020-12-28,1303327083,502492068165,12606708310,1419568333,695783713.8,83297107162,462528396.2,1701354600,3726531216,684669125.6,608389646105
2020-12-27,1244145323,491157576017,12303715273,1321539639,663465071.9,78494378937,468369563.2,1722987736,3622679063,689609725.5,591688466350
2020-12-26,1199304626,492010402697,10962561316,1299229291,654920684.4,72480396045,419055476.4,1723645479,3405840420,672437454.4,584827793489
2020-12-25,1275392085,458376575231,11575625869,1375281683,681745219.6,71335642041,441848409.9,1569784273,3497873832,708493907.2,550838262551
2020-12-24,1283441332,440489071173,11571341735,1361916857,663463897.5,69737739031,440668857.9,1598832506,3503438075,700220627.8,531350134091
2020-12-23,1211922786,433031966998,11048095345,1308678707,593589602.8,67064702189,379699500,1545007447,3352544034,628077036.2,520164283644
2020-12-22,1352614636,441362670574,12790712083,1455936288,780323907,72260081138,466367986.6,1559134767,3739512575,746237347.4,536513591302
2020-12-21,1305484824,426117800653,12411812101,1435971758,785488524.4,69787305851,432533133,1328287548,3539451792,746019084.7,517890155269
2020-12-20,1365768069,437079507305,13077956021,1529731555,858424865.8,72742604554,460865249.2,1257268333,3762874486,782964696.6,532917965135
2020-12-19,1429917111,443154244629,13489675372,1556662652,923871658,75143194316,492721494.3,1304210870,3952052756,828827333,542275378192
2020-12-18,1429577779,428122220496,13462909646,1603555272,897127597,74256894456,479999027.7,1298856629,3758088115,833312191.8,526142541210
2020-12-17,1360466537,423279795672,13477496403,1766202348,910028366,73197934506,455224594.9,1122287996,3678045354,797911092.1,520045392868
2020-12-16,1395592034,396914973279,13446280238,1547555046,895645474.6,72439629549,481504040.2,1111302154,3525258264,808481847.7,492566221925
2020-12-15,1393761360,360900992195,12702299027,1504077612,875552410.4,67056853881,465953370,1151338032,3336110555,742896204.9,450129834648
2020-12-14,1381439850,358175636274,12853064757,1532476753,886162974.5,66760845862,433273732.4,1111679871,3484029411,773224358.2,447391833843
2020-12-13,1332110672,355731616572,12924427453,1468221625,854892250.9,67214144913,395235275.1,998217680.4,3331020047,791328376.7,445041214865
2020-12-12,1248879651,349347444447,12217622359,1448219458,822816790.5,64705025508,358026192.9,946839697.9,3130485357,761256471.9,434986615934
2020-12-11,1203078447,335377356184,11672908091,1420023859,776321366.4,62073036502,321687584.5,926323860.1,2974084637,705150603.4,417449971135
2020-12-10,1229216709,339689620040,11956718295,1496818637,834207730.3,63768589362,358869269.9,977597002.9,3246117032,725400962.7,424283155040
2020-12-09,1349480269,344870639716,12679461570,1665265018,877107002.6,65326998044,370391561.6,1029841023,3362682335,775231219.3,432307097757
2020-12-08,1283868857,340515325198,12148915183,1545202182,839284603.6,63055933387,351500681.4,986148565.1,3314690535,763062618.5,424803931811
2020-12-07,1455596585,356115606012,13092419314,1492300775,980841010.9,67313906277,401825928,1091244649,3758119473,856667856.9,446558527880
2020-12-06,1410782575,359330296296,13471354232,1366259595,970346038.1,68491760149,359540766.1,1090009721,3639527518,866179418.9,450996056309
2020-12-05,1462040258,354827495085,13153478215,1421017005,1020947879,67649911267,378163443.4,1102884201,3674491344,880994641.4,445571423340
2020-12-04,1307851664,347725717595,12782591589,1271821586,953454119.5,65056501295,314847293.4,1059131107,3535837143,802181276.7,434809934670
2020-12-03,1461505366,361394948313,13980645858,1320278542,1148915843,70207575007,337277965.3,1101739734,3889441889,894041122.7,455736369640
2020-12-02,1391984983,356634805529,14029267915,1138649295,1113546285,68081684465,346284099.8,1105895933,4006508438,919664648.6,448768291592
2020-12-01,1196829073,349301709106,13381799838,1052648698,940151018.7,66860366299,305138975.9,1002707169,3558437493,777083681.5,438376871351
2020-11-30,1226395742,364943559265,14272947604,1119223101,934046380.6,69718300657,246749089.6,998662873.2,3776651188,792305347.4,458028841248
2020-11-29,1095878839,337583882703,13305494418,1105893960,905799676.6,65324166330,222504408.1,956584088.9,3548864505,739915538.2,424788984467
2020-11-28,1030122384,329299905496,13140684157,1085576463,847134711.4,61448304281,216406883,897898512.9,3476605475,704547582.3,412147185945
2020-11-27,974869876.2,317336964124,12517897312,1043347698,878470157.6,58738522860,225669218.9,864418296.9,3319189629,707560982.9,396606910156
2020-11-26,1020842485,317545276569,12605979124,1061755465,793389612.9,58885598656,219360743.9,900760917.1,3374107478,683030608.4,397090101659
2020-11-25,981913903.4,347859153596,14220381883,1230869490,892779073.8,64540440797,191057899.1,1004017008,3674633277,671152962.9,435266399888
2020-11-24,1067171728,355296694016,15593911922,1272892733,943730732.6,68658132504,209542708.4,1091370395,4077804655,728735478.2,448939986872
2020-11-23,1152115879,340865435612,15243521317,1249143440,1015372882,68949701372,236325416.2,1137405365,4137308221,743272672.6,434729602178
2020-11-22,1107791121,342878718720,14574657277,1179868752,1039116885,64163519384,254826266.3,1058937101,3722827905,745175089.3,430725438502
2020-11-21,1122575447,347011959223,15352632915,1270019884,1166050964,62137690709,253761388.2,1096676536,3803346961,726862121.6,433941576148
2020-11-20,1202304043,346198155989,14097956268,1161243302,1183351432,57840602350,245503835.3,1073980043,3840117483,794258614.4,427637473361
2020-11-19,1208073544,330503275791,13582963425,1133273433,1103885580,53474003939,239251577,1032697545,3715175857,829403021.3,406822003711
2020-11-18,1219190128,330228752696,13527490497,1144133134,1048761817,54414177251,178077533.6,1021497899,3463550897,768705731.4,407014337584
2020-11-17,1250352212,327937646387,13239095763,1215170478,1203583096,54771213441,204458988.5,1067348731,3796459295,711554213.5,405396882606
2020-11-16,1164864473,310504166190,12608231803,1206623479,1125097924,52445588186,203754439.6,923528809.3,3595262086,559622658.7,384336740049
2020-11-15,1026628175,296462424310,12142453723,1200816526,1053843421,50974919025,187897850.8,864694755.1,3866736871,527922422,368308337079
2020-11-14,1074041716,298584647008,12588837369,1217853200,975639824,52466731076,161236269.6,901108612.7,3835069400,517626119.2,372322790595
2020-11-13,1008088839,302799008121,12907858452,1114767457,942804282.7,54050512182,144306212.3,878095175.2,3869769777,538550685.8,378253761184
2020-11-12,833857875.1,302038563120,12412027649,1043625053,768478864.5,52489887340,105050647.4,785379196.1,2967811852,465719159,373910400757
2020-11-11,871929002.2,291666002991,12862681357,1033722894,765635710.2,52636636663,105155329.1,839175080.7,2936974358,498005720.7,364215919107
2020-11-10,1076418691,284013859077,13063753812,1024520166,778519991,51188864451,101896568,987727574.7,3076019750,548126552.1,355859706632
2020-11-09,879493366.9,284009875050,12529625962,947063966.6,621017282.2,50394519196,90434452.98,869986087.2,2670113312,447587334.1,353459716009
2020-11-08,855116330.6,287332273624,12760154408,974673661.6,649180327.7,51615811183,94574719.34,918515094.1,2877140972,456416944.7,358533857265
2020-11-07,717586088,275573226967,11853072722,929018692.7,590849035.1,49501206896,89536010.08,789872128.2,2502186992,420955381.2,342967510912
2020-11-06,616621023.2,289509996782,12217843308,960186814,600426431.1,51724971109,90983822.42,731901398.1,2557078720,354019759.5,359364029168
2020-11-05,496774483.5,289263271223,11049810183,912668486,494347699.5,47248734783,76358775.15,659056446.5,2208496204,256502253.7,352666020538
2020-11-04,444303222.2,261868434426,10463831354,885615827.6,466996429.2,45520820969,72154313.12,565649597.6,1923605728,253389290.5,322464801157
2020-11-03,447979133.5,259403733548,10435876744,871703360.9,485521189.7,44014721133,75461758.01,533092506,2138067194,282649358.8,318688805926
2020-11-02,474928251,251953637579,10825618715,911664451.1,491291889.2,43477115712,84152690.19,545301772.9,2260587641,303869672,311328168374
2020-11-01,490867846.1,254564701609,11555447070,940020585.8,546423787.2,44800351864,87276182.16,602374978.4,2380214695,319357643.7,316287036262
2020-10-31,474728618,255857310085,11232364521,906522907.8,565823346.9,43776670003,86656354.09,626337971.4,2265179891,313746188.3,316105339886
2020-10-30,500172511.4,252068603712,11126441817,923765441.6,540504233,43433013310,85866496.75,644070460.6,2398248555,333386701.7,312054073238
2020-10-29,466012694.3,249685959750,11299969824,965891058.5,604671065.5,43789226262,91745150.11,678501094,2540781823,324399567.4,310447158288
2020-10-28,519730116.4,246251140475,11465748138,1084064034,672056820.1,44023369568,91309228.38,743187798.5,2672158714,375938226.9,307898703119
2020-10-27,557035165.7,253379717438,11981686535,1092530732,815596737.4,45731920476,96082989.18,730280571.8,2812043890,402904301.7,317599798836
2020-10-26,576745272.4,242349930927,11777771490,1004298807,556944297.1,44590776702,88195188.33,738894268.8,2722340291,410838302.1,304816735547
2020-10-25,607178297.4,241618117680,12162649845,1017010431,456161442.7,46026201771,87403300.09,755898133.6,2779320873,429282220.3,305939223995
2020-10-24,629753644.4,242946632970,12734003029,1054791919,505675921.9,46645974148,91110286.74,778087378.9,2945757697,445684345.4,308777471340
2020-10-23,671129292.9,239962077750,12175753290,1030776091,512356215,46308986137,91922453.48,782712350.9,3011713459,445144841.3,304992571882
2020-10-22,609954297.7,240767851351,11954290585,1015335402,553997946.8,46879969296,92191007.39,804451120.3,3042516084,409932710.3,306130489802